1,4,2022-2023,20,2,0
2,4,2022-2023,20,0,0
3,4,2022-2023,20,2,1
4,4,2022-2023,20,7,7
5,4,2022-2023,20,3,5
6,4,2022-2023,20,7,2
7,4,2022-2023,20,0,2
8,4,2022-2023,19,8,5
9,4,2022-2023,17,2,0
10,4,2022-2023,14,5,5
11,4,2022-2023,13,0,1
12,4,2022-2023,18,4,0
13,4,2022-2023,16,0,1
14,4,2022-2023,15,0,0
15,4,2022-2023,6,0,0
16,4,2022-2023,11,1,1
17,4,2022-2023,5,0,0
18,4,2022-2023,2,2,1
19,4,2022-2023,5,0,0
20,4,2022-2023,2,0,0
21,4,2022-2023,1,0,0
22,4,2022-2023,2,0,0
23,4,2022-2023,6,0,0
24,4,2022-2023,1,0,0
25,4,2022-2023,1,0,0
26,4,2022-2023,0,0,0
27,4,2022-2023,0,0,0
28,4,2022-2023,0,0,0
29,4,2022-2023,0,0,0
30,4,2022-2023,0,0,0
31,4,2022-2023,0,0,0
32,4,2022-2023,0,0,0
33,4,2022-2023,0,0,0
34,5,2022-2023,21,0,1
35,5,2022-2023,20,1,4
36,5,2022-2023,20,25,3
37,5,2022-2023,20,3,11
38,5,2022-2023,20,2,5
39,5,2022-2023,17,2,1
40,5,2022-2023,15,0,1
41,5,2022-2023,18,2,2
42,5,2022-2023,14,0,2
43,5,2022-2023,15,0,0
44,5,2022-2023,18,7,4
45,5,2022-2023,15,2,3
46,5,2022-2023,16,4,3
47,5,2022-2023,11,0,0
48,5,2022-2023,13,0,0
49,5,2022-2023,16,4,0
50,5,2022-2023,9,0,0
51,5,2022-2023,5,0,0
52,5,2022-2023,9,0,0
53,5,2022-2023,5,0,1
54,5,2022-2023,3,0,0
55,5,2022-2023,0,0,0
56,5,2022-2023,0,0,0
57,5,2022-2023,0,0,0
58,5,2022-2023,0,0,0
59,5,2022-2023,0,0,0
60,5,2022-2023,0,0,0
61,5,2022-2023,0,0,0
62,5,2022-2023,0,0,0
63,1,2022-2023,21,0,0
64,1,2022-2023,20,5,4
65,1,2022-2023,21,10,3
66,1,2022-2023,19,1,7
67,1,2022-2023,19,1,0
68,1,2022-2023,17,1,1
69,1,2022-2023,16,0,0
70,1,2022-2023,17,2,3
71,1,2022-2023,14,0,1
72,1,2022-2023,12,3,0
73,1,2022-2023,10,2,1
74,1,2022-2023,12,0,0
75,1,2022-2023,15,0,0
76,1,2022-2023,8,0,0
77,1,2022-2023,18,2,0
78,1,2022-2023,9,3,2
79,1,2022-2023,13,0,1
80,1,2022-2023,10,1,0
81,1,2022-2023,7,0,0
82,1,2022-2023,9,0,0
83,1,2022-2023,3,0,0
84,1,2022-2023,10,1,2
85,1,2022-2023,7,0,0
86,1,2022-2023,1,0,0
87,1,2022-2023,0,0,0
88,1,2022-2023,0,0,0
89,1,2022-2023,0,0,0
90,1,2022-2023,0,0,0
91,1,2022-2023,0,0,0
92,1,2022-2023,0,0,0
93,1,2022-2023,0,0,0
94,1,2022-2023,0,0,0
95,1,2022-2023,0,0,0
96,1,2022-2023,0,0,0
97,1,2022-2023,0,0,0
98,7,2022-2023,21,0,0
99,7,2022-2023,21,1,4
100,7,2022-2023,21,9,1
101,7,2022-2023,20,1,0
102,7,2022-2023,21,0,0
103,7,2022-2023,21,2,2
104,7,2022-2023,19,2,1
105,7,2022-2023,19,0,0
106,7,2022-2023,21,1,3
107,7,2022-2023,17,3,3
108,7,2022-2023,16,7,3
109,7,2022-2023,13,1,3
110,7,2022-2023,21,1,1
111,7,2022-2023,18,2,0
112,7,2022-2023,10,0,0
113,7,2022-2023,8,0,0
114,7,2022-2023,5,3,0
115,7,2022-2023,4,0,0
116,7,2022-2023,9,0,0
117,7,2022-2023,3,0,0
118,7,2022-2023,1,0,0
119,7,2022-2023,1,0,0
120,7,2022-2023,1,0,0
121,7,2022-2023,2,0,0
122,7,2022-2023,1,0,0
123,7,2022-2023,0,0,0
124,7,2022-2023,0,0,0
125,7,2022-2023,0,0,0
126,7,2022-2023,0,0,0
127,3,2022-2023,22,17,1
128,3,2022-2023,21,0,0
129,3,2022-2023,21,4,3
130,3,2022-2023,21,2,0
131,3,2022-2023,20,4,3
132,3,2022-2023,17,4,2
133,3,2022-2023,19,2,1
134,3,2022-2023,22,0,5
135,3,2022-2023,17,1,1
136,3,2022-2023,14,0,0
137,3,2022-2023,14,2,5
138,3,2022-2023,13,0,2
139,3,2022-2023,17,2,0
140,3,2022-2023,20,0,0
141,3,2022-2023,12,1,0
142,3,2022-2023,12,0,0
143,3,2022-2023,13,0,2
144,3,2022-2023,8,0,0
145,3,2022-2023,4,0,1
146,3,2022-2023,3,0,0
147,3,2022-2023,1,0,0
148,3,2022-2023,1,0,0
149,3,2022-2023,8,0,0
150,3,2022-2023,4,0,0
151,3,2022-2023,1,0,0
152,3,2022-2023,0,0,0
153,3,2022-2023,0,0,0
154,15,2022-2023,20,0,0
155,15,2022-2023,20,0,0
156,15,2022-2023,20,6,3
157,15,2022-2023,20,4,4
158,15,2022-2023,19,1,1
159,15,2022-2023,17,5,0
160,15,2022-2023,16,7,2
161,15,2022-2023,18,0,1
162,15,2022-2023,17,0,2
163,15,2022-2023,15,0,0
164,15,2022-2023,16,1,2
165,15,2022-2023,16,2,1
166,15,2022-2023,15,5,1
167,15,2022-2023,7,0,0
168,15,2022-2023,17,0,0
169,15,2022-2023,6,0,1
170,15,2022-2023,5,3,2
171,15,2022-2023,7,0,0
172,15,2022-2023,9,0,0
173,15,2022-2023,7,0,1
174,15,2022-2023,2,0,0
175,15,2022-2023,5,0,0
176,15,2022-2023,1,0,0
177,15,2022-2023,1,0,0
178,15,2022-2023,0,0,0
179,15,2022-2023,0,0,0
180,15,2022-2023,0,0,0
181,15,2022-2023,0,0,0
182,15,2022-2023,0,0,0
183,15,2022-2023,0,0,0
184,15,2022-2023,0,0,0
185,19,2022-2023,21,0,0
186,19,2022-2023,21,5,2
187,19,2022-2023,21,3,4
188,19,2022-2023,20,0,2
189,19,2022-2023,20,3,0
190,19,2022-2023,19,13,3
191,19,2022-2023,21,2,1
192,19,2022-2023,13,0,0
193,19,2022-2023,21,3,2
194,19,2022-2023,11,1,1
195,19,2022-2023,21,4,2
196,19,2022-2023,13,0,0
197,19,2022-2023,10,0,0
198,19,2022-2023,13,0,0
199,19,2022-2023,8,0,0
200,19,2022-2023,7,0,0
201,19,2022-2023,12,0,1
202,19,2022-2023,12,0,0
203,19,2022-2023,9,0,1
204,19,2022-2023,11,0,0
205,19,2022-2023,9,0,0
206,19,2022-2023,5,0,0
207,19,2022-2023,2,0,0
208,19,2022-2023,4,0,0
209,19,2022-2023,1,0,0
210,19,2022-2023,0,0,0
211,19,2022-2023,0,0,0
212,19,2022-2023,0,0,0
213,19,2022-2023,0,0,0
214,19,2022-2023,0,0,0
215,19,2022-2023,0,0,0
216,19,2022-2023,0,0,0
217,18,2022-2023,22,1,0
218,18,2022-2023,22,2,5
219,18,2022-2023,21,3,0
220,18,2022-2023,21,4,1
221,18,2022-2023,21,2,1
222,18,2022-2023,20,0,0
223,18,2022-2023,19,0,0
224,18,2022-2023,18,11,1
225,18,2022-2023,16,0,4
226,18,2022-2023,15,2,2
227,18,2022-2023,14,1,0
228,18,2022-2023,14,1,0
229,18,2022-2023,12,0,3
230,18,2022-2023,14,1,0
231,18,2022-2023,12,1,0
232,18,2022-2023,13,0,0
233,18,2022-2023,2,0,0
234,18,2022-2023,3,0,0
235,18,2022-2023,22,0,0
236,18,2022-2023,6,0,1
237,18,2022-2023,3,0,0
238,18,2022-2023,4,0,0
239,18,2022-2023,4,0,0
240,18,2022-2023,2,0,0
241,18,2022-2023,3,0,0
242,18,2022-2023,4,0,0
243,18,2022-2023,1,0,0
244,18,2022-2023,0,0,0
245,18,2022-2023,0,0,0
246,18,2022-2023,0,0,0
247,18,2022-2023,0,0,0
248,18,2022-2023,0,0,0
249,9,2022-2023,20,3,2
250,9,2022-2023,19,0,2
251,9,2022-2023,20,5,1
252,9,2022-2023,19,0,2
253,9,2022-2023,18,2,0
254,9,2022-2023,16,4,2
255,9,2022-2023,13,0,0
256,9,2022-2023,14,2,0
257,9,2022-2023,14,0,0
258,9,2022-2023,12,0,0
259,9,2022-2023,18,0,0
260,9,2022-2023,19,1,1
261,9,2022-2023,9,0,0
262,9,2022-2023,9,1,1
263,9,2022-2023,15,0,1
264,9,2022-2023,16,1,1
265,9,2022-2023,11,0,1
266,9,2022-2023,11,1,0
267,9,2022-2023,10,1,1
268,9,2022-2023,5,0,0
269,9,2022-2023,4,0,0
270,9,2022-2023,3,0,0
271,9,2022-2023,12,1,0
272,9,2022-2023,2,0,0
273,9,2022-2023,2,0,0
274,9,2022-2023,8,0,0
275,9,2022-2023,1,0,0
276,9,2022-2023,2,0,0
277,9,2022-2023,1,0,0
278,9,2022-2023,1,0,0
279,9,2022-2023,1,0,0
280,9,2022-2023,1,0,0
281,9,2022-2023,0,0,0
282,9,2022-2023,0,0,0
283,9,2022-2023,0,0,0
284,9,2022-2023,0,0,0
285,9,2022-2023,0,0,0
286,9,2022-2023,0,0,0
287,6,2022-2023,20,0,1
288,6,2022-2023,20,7,4
289,6,2022-2023,17,2,0
290,6,2022-2023,20,1,1
291,6,2022-2023,18,0,5
292,6,2022-2023,18,0,0
293,6,2022-2023,14,0,0
294,6,2022-2023,20,1,1
295,6,2022-2023,17,0,0
296,6,2022-2023,15,5,2
297,6,2022-2023,13,7,3
298,6,2022-2023,17,0,0
299,6,2022-2023,9,0,0
300,6,2022-2023,8,3,2
301,6,2022-2023,14,0,1
302,6,2022-2023,13,0,3
303,6,2022-2023,5,0,0
304,6,2022-2023,11,2,0
305,6,2022-2023,8,1,0
306,6,2022-2023,3,0,0
307,6,2022-2023,6,0,0
308,6,2022-2023,4,0,1
309,6,2022-2023,5,1,0
310,6,2022-2023,6,0,0
311,6,2022-2023,2,0,0
312,6,2022-2023,2,0,0
313,6,2022-2023,1,0,0
314,6,2022-2023,0,0,0
315,6,2022-2023,0,0,0
316,6,2022-2023,0,0,0
317,6,2022-2023,0,0,0
318,6,2022-2023,0,0,0
319,6,2022-2023,0,0,0
320,6,2022-2023,0,0,0
321,8,2022-2023,21,0,0
322,8,2022-2023,19,0,1
323,8,2022-2023,19,0,0
324,8,2022-2023,20,5,4
325,8,2022-2023,20,4,2
326,8,2022-2023,20,2,4
327,8,2022-2023,18,2,2
328,8,2022-2023,17,0,1
329,8,2022-2023,15,0,1
330,8,2022-2023,15,1,0
331,8,2022-2023,21,3,0
332,8,2022-2023,17,1,0
333,8,2022-2023,17,0,0
334,8,2022-2023,18,6,0
335,8,2022-2023,18,0,0
336,8,2022-2023,12,0,0
337,8,2022-2023,3,0,0
338,8,2022-2023,2,0,0
339,8,2022-2023,3,0,0
340,8,2022-2023,4,0,0
341,8,2022-2023,3,0,0
342,8,2022-2023,3,0,0
343,8,2022-2023,6,0,0
344,8,2022-2023,2,0,0
345,8,2022-2023,1,0,0
346,8,2022-2023,0,0,0
347,8,2022-2023,0,0,0
348,8,2022-2023,0,0,0
349,8,2022-2023,0,0,0
350,8,2022-2023,0,0,0
351,8,2022-2023,0,0,0
352,17,2022-2023,21,0,0
353,17,2022-2023,20,0,0
354,17,2022-2023,19,6,2
355,17,2022-2023,19,0,2
356,17,2022-2023,21,3,3
357,17,2022-2023,21,1,0
358,17,2022-2023,17,1,0
359,17,2022-2023,21,1,1
360,17,2022-2023,19,0,2
361,17,2022-2023,16,0,0
362,17,2022-2023,20,2,4
363,17,2022-2023,15,0,0
364,17,2022-2023,19,3,2
365,17,2022-2023,17,1,0
366,17,2022-2023,7,0,0
367,17,2022-2023,15,0,0
368,17,2022-2023,11,0,0
369,17,2022-2023,3,0,0
370,17,2022-2023,4,0,0
371,17,2022-2023,3,0,0
372,17,2022-2023,1,0,0
373,17,2022-2023,1,0,0
374,17,2022-2023,1,0,0
375,17,2022-2023,0,0,0
376,17,2022-2023,0,0,0
377,17,2022-2023,0,0,0
378,17,2022-2023,0,0,0
379,17,2022-2023,0,0,0
380,17,2022-2023,0,0,0
381,17,2022-2023,0,0,0
382,17,2022-2023,0,0,0
383,17,2022-2023,0,0,0
384,17,2022-2023,0,0,0
385,16,2022-2023,21,5,2
386,16,2022-2023,18,0,0
387,16,2022-2023,18,2,4
388,16,2022-2023,17,0,0
389,16,2022-2023,18,0,1
390,16,2022-2023,17,0,0
391,16,2022-2023,21,0,0
392,16,2022-2023,16,0,0
393,16,2022-2023,13,0,0
394,16,2022-2023,13,1,0
395,16,2022-2023,12,0,0
396,16,2022-2023,14,0,0
397,16,2022-2023,16,4,0
398,16,2022-2023,12,1,0
399,16,2022-2023,13,0,0
400,16,2022-2023,7,0,1
401,16,2022-2023,10,0,0
402,16,2022-2023,13,1,0
403,16,2022-2023,10,1,1
404,16,2022-2023,2,0,0
405,16,2022-2023,2,0,0
406,16,2022-2023,2,0,0
407,16,2022-2023,8,0,0
408,16,2022-2023,14,1,0
409,16,2022-2023,3,0,0
410,16,2022-2023,2,0,0
411,16,2022-2023,1,0,0
412,16,2022-2023,2,0,0
413,16,2022-2023,1,0,0
414,16,2022-2023,1,0,0
415,16,2022-2023,1,0,0
416,16,2022-2023,0,0,0
417,16,2022-2023,0,0,0
418,16,2022-2023,0,0,0
419,16,2022-2023,0,0,0
420,16,2022-2023,0,0,0
421,16,2022-2023,0,0,0
422,16,2022-2023,0,0,0
423,13,2022-2023,21,0,0
424,13,2022-2023,20,1,2
425,13,2022-2023,21,3,1
426,13,2022-2023,19,7,1
427,13,2022-2023,19,2,2
428,13,2022-2023,17,0,0
429,13,2022-2023,15,0,0
430,13,2022-2023,14,0,0
431,13,2022-2023,15,8,4
432,13,2022-2023,14,0,0
433,13,2022-2023,21,1,4
434,13,2022-2023,14,0,0
435,13,2022-2023,9,0,0
436,13,2022-2023,17,3,3
437,13,2022-2023,10,0,0
438,13,2022-2023,11,1,0
439,13,2022-2023,8,0,1
440,13,2022-2023,15,2,3
441,13,2022-2023,10,0,0
442,13,2022-2023,2,0,0
443,13,2022-2023,6,1,0
444,13,2022-2023,1,0,0
445,13,2022-2023,1,1,0
446,13,2022-2023,1,0,0
447,13,2022-2023,2,0,0
448,13,2022-2023,1,0,0
449,13,2022-2023,0,0,0
450,13,2022-2023,0,0,0
451,13,2022-2023,0,0,0
452,13,2022-2023,0,0,0
453,13,2022-2023,0,0,0
454,13,2022-2023,0,0,0
455,13,2022-2023,0,0,0
456,14,2022-2023,21,0,0
457,14,2022-2023,21,0,0
458,14,2022-2023,20,5,0
459,14,2022-2023,17,0,0
460,14,2022-2023,18,0,1
461,14,2022-2023,21,5,0
462,14,2022-2023,19,0,2
463,14,2022-2023,19,0,1
464,14,2022-2023,14,0,0
465,14,2022-2023,11,0,1
466,14,2022-2023,17,0,1
467,14,2022-2023,16,1,0
468,14,2022-2023,13,1,1
469,14,2022-2023,9,0,0
470,14,2022-2023,8,0,0
471,14,2022-2023,18,1,1
472,14,2022-2023,8,0,1
473,14,2022-2023,7,0,0
474,14,2022-2023,7,0,0
475,14,2022-2023,4,0,0
476,14,2022-2023,4,0,0
477,14,2022-2023,2,0,0
478,14,2022-2023,3,0,0
479,14,2022-2023,5,0,0
480,14,2022-2023,2,0,0
481,14,2022-2023,1,1,0
482,14,2022-2023,1,0,0
483,14,2022-2023,5,0,0
484,14,2022-2023,1,0,0
485,14,2022-2023,1,0,0
486,14,2022-2023,0,0,0
487,14,2022-2023,0,0,0
488,14,2022-2023,0,0,0
489,14,2022-2023,0,0,0
490,14,2022-2023,0,0,0
491,14,2022-2023,0,0,0
492,14,2022-2023,0,0,0
493,14,2022-2023,0,0,0
494,2,2022-2023,21,1,1
495,2,2022-2023,21,4,0
496,2,2022-2023,21,0,0
497,2,2022-2023,21,1,1
498,2,2022-2023,18,0,0
499,2,2022-2023,16,0,0
500,2,2022-2023,15,1,0
501,2,2022-2023,15,0,0
502,2,2022-2023,14,2,2
503,2,2022-2023,19,3,1
504,2,2022-2023,18,1,0
505,2,2022-2023,16,3,0
506,2,2022-2023,20,2,2
507,2,2022-2023,8,0,0
508,2,2022-2023,9,0,0
509,2,2022-2023,10,0,0
510,2,2022-2023,5,0,0
511,2,2022-2023,6,0,0
512,2,2022-2023,9,0,0
513,2,2022-2023,5,0,0
514,2,2022-2023,5,0,0
515,2,2022-2023,2,0,0
516,2,2022-2023,2,0,0
517,2,2022-2023,1,0,0
518,2,2022-2023,1,0,0
519,2,2022-2023,0,0,0
520,2,2022-2023,0,0,0
521,2,2022-2023,0,0,0
522,2,2022-2023,0,0,0
523,2,2022-2023,0,0,0
524,2,2022-2023,0,0,0
525,11,2022-2023,20,0,0
526,11,2022-2023,19,0,0
527,11,2022-2023,19,2,1
528,11,2022-2023,19,1,2
529,11,2022-2023,20,1,1
530,11,2022-2023,18,0,0
531,11,2022-2023,18,10,1
532,11,2022-2023,18,1,4
533,11,2022-2023,14,0,1
534,11,2022-2023,13,1,0
535,11,2022-2023,8,0,0
536,11,2022-2023,9,1,1
537,11,2022-2023,11,2,0
538,11,2022-2023,13,0,1
539,11,2022-2023,13,4,1
540,11,2022-2023,13,1,1
541,11,2022-2023,11,1,2
542,11,2022-2023,3,0,0
543,11,2022-2023,4,0,0
544,11,2022-2023,5,0,0
545,11,2022-2023,15,0,2
546,11,2022-2023,4,0,0
547,11,2022-2023,1,0,0
548,11,2022-2023,14,0,0
549,11,2022-2023,1,0,0
550,11,2022-2023,1,0,0
551,11,2022-2023,1,0,0
552,11,2022-2023,1,0,0
553,11,2022-2023,0,0,0
554,11,2022-2023,0,0,0
555,11,2022-2023,0,0,0
556,11,2022-2023,0,0,0
557,11,2022-2023,0,0,0
558,10,2022-2023,21,1,0
559,10,2022-2023,21,1,5
560,10,2022-2023,21,0,0
561,10,2022-2023,20,0,1
562,10,2022-2023,19,1,1
563,10,2022-2023,20,3,1
564,10,2022-2023,19,1,1
565,10,2022-2023,16,0,1
566,10,2022-2023,16,3,0
567,10,2022-2023,13,0,0
568,10,2022-2023,19,2,2
569,10,2022-2023,13,0,0
570,10,2022-2023,11,1,0
571,10,2022-2023,14,1,0
572,10,2022-2023,10,0,0
573,10,2022-2023,4,0,0
574,10,2022-2023,11,0,0
575,10,2022-2023,3,1,0
576,10,2022-2023,4,0,0
577,10,2022-2023,7,0,0
578,10,2022-2023,1,0,0
579,10,2022-2023,6,0,0
580,10,2022-2023,2,0,0
581,10,2022-2023,1,0,0
582,10,2022-2023,2,0,0
583,10,2022-2023,2,0,0
584,10,2022-2023,1,0,0
585,10,2022-2023,2,0,0
586,10,2022-2023,0,0,0
587,10,2022-2023,0,0,0
588,10,2022-2023,0,0,0
589,10,2022-2023,0,0,0
590,10,2022-2023,0,0,0
591,10,2022-2023,0,0,0
592,10,2022-2023,0,0,0
593,10,2022-2023,0,0,0
594,20,2022-2023,21,2,0
595,20,2022-2023,20,0,1
596,20,2022-2023,20,4,1
597,20,2022-2023,17,0,0
598,20,2022-2023,19,0,2
599,20,2022-2023,17,0,0
600,20,2022-2023,16,3,3
601,20,2022-2023,15,2,4
602,20,2022-2023,15,0,1
603,20,2022-2023,20,4,0
604,20,2022-2023,19,1,0
605,20,2022-2023,11,0,0
606,20,2022-2023,11,0,0
607,20,2022-2023,10,0,2
608,20,2022-2023,16,3,0
609,20,2022-2023,8,0,0
610,20,2022-2023,9,0,0
611,20,2022-2023,7,0,0
612,20,2022-2023,4,0,0
613,20,2022-2023,2,0,1
614,20,2022-2023,7,0,0
615,20,2022-2023,1,0,0
616,20,2022-2023,1,0,0
617,20,2022-2023,6,0,0
618,20,2022-2023,4,0,0
619,20,2022-2023,2,0,0
620,20,2022-2023,1,0,0
621,20,2022-2023,1,0,0
622,20,2022-2023,1,0,0
623,20,2022-2023,0,0,0
624,20,2022-2023,0,0,0
625,20,2022-2023,0,0,0
626,20,2022-2023,0,0,0
627,20,2022-2023,0,0,0
628,20,2022-2023,0,0,0
629,20,2022-2023,0,0,0
630,20,2022-2023,0,0,0
631,20,2022-2023,0,0,0
632,20,2022-2023,0,0,0
633,12,2022-2023,21,0,0
634,12,2022-2023,21,5,2
635,12,2022-2023,20,0,1
636,12,2022-2023,20,4,2
637,12,2022-2023,20,0,1
638,12,2022-2023,16,1,0
639,12,2022-2023,19,2,2
640,12,2022-2023,13,0,1
641,12,2022-2023,20,1,1
642,12,2022-2023,18,2,0
643,12,2022-2023,12,1,0
644,12,2022-2023,13,0,0
645,12,2022-2023,17,1,0
646,12,2022-2023,10,0,0
647,12,2022-2023,12,0,0
648,12,2022-2023,12,0,1
649,12,2022-2023,10,0,0
650,12,2022-2023,14,0,0
651,12,2022-2023,14,0,1
652,12,2022-2023,3,0,0
653,12,2022-2023,5,0,0
654,12,2022-2023,4,0,0
655,12,2022-2023,1,0,0
656,12,2022-2023,1,0,0
657,12,2022-2023,1,0,0
658,12,2022-2023,2,0,0
659,12,2022-2023,2,0,0
660,12,2022-2023,1,0,0
661,12,2022-2023,1,0,0
662,12,2022-2023,1,0,0
663,12,2022-2023,1,0,0
664,12,2022-2023,0,0,0
665,12,2022-2023,0,0,0
666,12,2022-2023,0,0,0
667,12,2022-2023,0,0,0
668,12,2022-2023,0,0,0
669,25,2022-2023,21,0,0
670,25,2022-2023,21,1,3
671,25,2022-2023,20,2,0
672,25,2022-2023,21,1,1
673,25,2022-2023,19,2,4
674,25,2022-2023,17,16,3
675,25,2022-2023,17,0,6
676,25,2022-2023,21,3,6
677,25,2022-2023,17,8,9
678,25,2022-2023,14,1,0
679,25,2022-2023,20,3,3
680,25,2022-2023,19,3,3
681,25,2022-2023,7,1,0
682,25,2022-2023,14,1,0
683,25,2022-2023,20,5,1
684,25,2022-2023,19,0,0
685,25,2022-2023,15,1,0
686,25,2022-2023,4,0,0
687,25,2022-2023,12,3,0
688,25,2022-2023,4,0,0
689,25,2022-2023,3,0,1
690,25,2022-2023,3,0,0
691,25,2022-2023,2,0,0
692,25,2022-2023,1,0,0
693,25,2022-2023,0,0,0
694,25,2022-2023,0,0,0
695,25,2022-2023,0,0,0
696,25,2022-2023,0,0,0
697,25,2022-2023,0,0,0
698,25,2022-2023,0,0,0
699,22,2022-2023,20,0,0
700,22,2022-2023,21,12,3
701,22,2022-2023,20,5,5
702,22,2022-2023,20,2,5
703,22,2022-2023,21,3,1
704,22,2022-2023,21,7,3
705,22,2022-2023,17,0,2
706,22,2022-2023,18,1,2
707,22,2022-2023,13,0,0
708,22,2022-2023,18,1,1
709,22,2022-2023,14,0,1
710,22,2022-2023,13,1,0
711,22,2022-2023,16,1,2
712,22,2022-2023,8,0,0
713,22,2022-2023,11,2,0
714,22,2022-2023,17,3,1
715,22,2022-2023,9,1,1
716,22,2022-2023,10,0,0
717,22,2022-2023,12,0,0
718,22,2022-2023,18,1,0
719,22,2022-2023,4,0,0
720,22,2022-2023,10,0,0
721,22,2022-2023,2,0,0
722,22,2022-2023,0,0,0
723,22,2022-2023,0,0,0
724,22,2022-2023,0,0,0
725,22,2022-2023,0,0,0
726,22,2022-2023,0,0,0
727,22,2022-2023,0,0,0
728,22,2022-2023,0,0,0
729,22,2022-2023,0,0,0
730,22,2022-2023,0,0,0
731,23,2022-2023,21,0,0
732,23,2022-2023,21,1,0
733,23,2022-2023,21,0,1
734,23,2022-2023,21,3,0
735,23,2022-2023,20,3,0
736,23,2022-2023,18,2,5
737,23,2022-2023,21,6,3
738,23,2022-2023,15,7,6
739,23,2022-2023,17,0,1
740,23,2022-2023,13,1,0
741,23,2022-2023,21,1,1
742,23,2022-2023,15,0,0
743,23,2022-2023,13,0,1
744,23,2022-2023,9,0,0
745,23,2022-2023,9,0,0
746,23,2022-2023,15,3,0
747,23,2022-2023,17,0,0
748,23,2022-2023,5,1,1
749,23,2022-2023,4,0,0
750,23,2022-2023,10,0,0
751,23,2022-2023,5,0,0
752,23,2022-2023,6,0,0
753,23,2022-2023,3,0,0
754,23,2022-2023,1,0,0
755,23,2022-2023,2,0,0
756,23,2022-2023,1,0,0
757,23,2022-2023,0,0,0
758,23,2022-2023,0,0,0
759,23,2022-2023,0,0,0
760,23,2022-2023,0,0,0
761,23,2022-2023,0,0,0
762,23,2022-2023,0,0,0
763,23,2022-2023,0,0,0
764,23,2022-2023,0,0,0
765,23,2022-2023,0,0,0
766,23,2022-2023,0,0,0
767,24,2022-2023,21,0,0
768,24,2022-2023,21,0,1
769,24,2022-2023,20,1,0
770,24,2022-2023,20,4,8
771,24,2022-2023,21,6,2
772,24,2022-2023,19,8,4
773,24,2022-2023,19,0,1
774,24,2022-2023,17,0,0
775,24,2022-2023,14,1,1
776,24,2022-2023,16,7,3
777,24,2022-2023,18,4,3
778,24,2022-2023,19,3,2
779,24,2022-2023,19,1,0
780,24,2022-2023,10,0,0
781,24,2022-2023,17,0,1
782,24,2022-2023,14,0,0
783,24,2022-2023,11,0,0
784,24,2022-2023,14,0,0
785,24,2022-2023,5,1,0
786,24,2022-2023,1,0,0
787,24,2022-2023,4,0,0
788,24,2022-2023,0,0,0
789,24,2022-2023,0,0,0
790,24,2022-2023,0,0,0
791,24,2022-2023,0,0,0
792,24,2022-2023,0,0,0
793,24,2022-2023,0,0,0
794,24,2022-2023,0,0,0
795,24,2022-2023,0,0,0
796,24,2022-2023,0,0,0
797,24,2022-2023,0,0,0
798,37,2022-2023,20,6,3
799,37,2022-2023,19,0,1
800,37,2022-2023,16,1,1
801,37,2022-2023,16,1,1
802,37,2022-2023,15,0,0
803,37,2022-2023,20,12,3
804,37,2022-2023,17,2,0
805,37,2022-2023,17,1,0
806,37,2022-2023,19,2,1
807,37,2022-2023,19,2,2
808,37,2022-2023,18,1,0
809,37,2022-2023,17,4,1
810,37,2022-2023,13,0,0
811,37,2022-2023,14,1,1
812,37,2022-2023,10,0,3
813,37,2022-2023,7,0,0
814,37,2022-2023,13,1,2
815,37,2022-2023,15,1,2
816,37,2022-2023,9,0,0
817,37,2022-2023,5,1,0
818,37,2022-2023,10,0,0
819,37,2022-2023,11,1,5
820,37,2022-2023,5,0,1
821,37,2022-2023,9,1,0
822,37,2022-2023,0,0,0
823,37,2022-2023,0,0,0
824,37,2022-2023,0,0,0
825,21,2022-2023,19,1,0
826,21,2022-2023,18,2,2
827,21,2022-2023,21,1,0
828,21,2022-2023,18,2,4
829,21,2022-2023,20,8,5
830,21,2022-2023,19,1,1
831,21,2022-2023,19,6,4
832,21,2022-2023,14,0,1
833,21,2022-2023,18,4,3
834,21,2022-2023,13,1,2
835,21,2022-2023,15,2,2
836,21,2022-2023,10,0,1
837,21,2022-2023,7,0,0
838,21,2022-2023,13,0,1
839,21,2022-2023,10,0,0
840,21,2022-2023,17,0,1
841,21,2022-2023,10,0,0
842,21,2022-2023,12,1,0
843,21,2022-2023,14,2,1
844,21,2022-2023,13,3,2
845,21,2022-2023,8,0,0
846,21,2022-2023,3,1,0
847,21,2022-2023,5,0,0
848,21,2022-2023,4,0,0
849,21,2022-2023,2,0,0
850,21,2022-2023,7,0,0
851,21,2022-2023,1,0,0
852,21,2022-2023,0,0,0
853,21,2022-2023,0,0,0
854,21,2022-2023,0,0,0
855,21,2022-2023,0,0,0
856,21,2022-2023,0,0,0
857,21,2022-2023,0,0,0
858,33,2022-2023,21,0,0
859,33,2022-2023,21,4,2
860,33,2022-2023,18,1,0
861,33,2022-2023,17,0,0
862,33,2022-2023,20,1,0
863,33,2022-2023,15,0,2
864,33,2022-2023,18,0,0
865,33,2022-2023,15,1,1
866,33,2022-2023,16,2,0
867,33,2022-2023,15,4,2
868,33,2022-2023,15,0,2
869,33,2022-2023,16,4,1
870,33,2022-2023,15,0,1
871,33,2022-2023,15,0,4
872,33,2022-2023,18,2,1
873,33,2022-2023,12,1,1
874,33,2022-2023,10,0,0
875,33,2022-2023,9,0,0
876,33,2022-2023,11,1,0
877,33,2022-2023,6,0,0
878,33,2022-2023,8,1,0
879,33,2022-2023,4,0,0
880,33,2022-2023,1,0,0
881,33,2022-2023,1,0,0
882,33,2022-2023,1,0,0
883,33,2022-2023,0,0,0
884,33,2022-2023,0,0,0
885,33,2022-2023,0,0,0
886,33,2022-2023,0,0,0
887,33,2022-2023,0,0,0
888,33,2022-2023,0,0,0
889,33,2022-2023,0,0,0
890,33,2022-2023,0,0,0
891,33,2022-2023,0,0,0
892,33,2022-2023,0,0,0
893,34,2022-2023,21,0,0
894,34,2022-2023,21,0,0
895,34,2022-2023,19,1,0
896,34,2022-2023,18,2,5
897,34,2022-2023,17,2,2
898,34,2022-2023,17,2,0
899,34,2022-2023,15,1,1
900,34,2022-2023,16,2,6
901,34,2022-2023,21,0,4
902,34,2022-2023,21,7,1
903,34,2022-2023,20,2,1
904,34,2022-2023,16,0,1
905,34,2022-2023,20,1,0
906,34,2022-2023,18,0,0
907,34,2022-2023,20,4,1
908,34,2022-2023,16,1,0
909,34,2022-2023,4,1,0
910,34,2022-2023,6,0,0
911,34,2022-2023,1,0,0
912,34,2022-2023,10,1,1
913,34,2022-2023,3,0,0
914,34,2022-2023,5,0,0
915,34,2022-2023,1,0,0
916,34,2022-2023,1,0,0
917,34,2022-2023,1,0,0
918,34,2022-2023,0,0,0
919,34,2022-2023,0,0,0
920,34,2022-2023,0,0,0
921,34,2022-2023,0,0,0
922,34,2022-2023,0,0,0
923,34,2022-2023,0,0,0
924,34,2022-2023,0,0,0
925,29,2022-2023,21,0,0
926,29,2022-2023,18,0,1
927,29,2022-2023,17,0,1
928,29,2022-2023,18,1,2
929,29,2022-2023,15,0,0
930,29,2022-2023,14,4,1
931,29,2022-2023,14,8,0
932,29,2022-2023,17,0,1
933,29,2022-2023,19,0,2
934,29,2022-2023,18,5,3
935,29,2022-2023,15,3,0
936,29,2022-2023,20,0,3
937,29,2022-2023,16,1,0
938,29,2022-2023,15,2,1
939,29,2022-2023,18,1,0
940,29,2022-2023,9,0,0
941,29,2022-2023,10,1,0
942,29,2022-2023,9,1,1
943,29,2022-2023,9,0,1
944,29,2022-2023,7,0,0
945,29,2022-2023,7,0,2
946,29,2022-2023,5,0,0
947,29,2022-2023,8,0,1
948,29,2022-2023,3,0,0
949,29,2022-2023,1,0,0
950,29,2022-2023,0,0,0
951,29,2022-2023,0,0,0
952,29,2022-2023,0,0,0
953,29,2022-2023,0,0,0
954,29,2022-2023,0,0,0
955,29,2022-2023,0,0,0
956,29,2022-2023,0,0,0
957,29,2022-2023,0,0,0
958,29,2022-2023,0,0,0
959,29,2022-2023,0,0,0
960,27,2022-2023,21,2,2
961,27,2022-2023,21,2,5
962,27,2022-2023,18,1,0
963,27,2022-2023,18,0,0
964,27,2022-2023,17,3,2
965,27,2022-2023,15,0,0
966,27,2022-2023,17,0,1
967,27,2022-2023,16,0,3
968,27,2022-2023,15,1,1
969,27,2022-2023,12,8,2
970,27,2022-2023,17,6,1
971,27,2022-2023,18,0,1
972,27,2022-2023,19,4,0
973,27,2022-2023,12,3,2
974,27,2022-2023,10,0,0
975,27,2022-2023,9,1,0
976,27,2022-2023,7,0,0
977,27,2022-2023,12,2,2
978,27,2022-2023,6,0,0
979,27,2022-2023,13,0,0
980,27,2022-2023,3,0,0
981,27,2022-2023,9,0,0
982,27,2022-2023,7,0,2
983,27,2022-2023,2,0,0
984,27,2022-2023,6,0,1
985,27,2022-2023,3,0,0
986,27,2022-2023,0,0,0
987,27,2022-2023,0,0,0
988,27,2022-2023,0,0,0
989,27,2022-2023,0,0,0
990,27,2022-2023,0,0,0
991,27,2022-2023,0,0,0
992,27,2022-2023,0,0,0
993,27,2022-2023,0,0,0
994,27,2022-2023,0,0,0
995,39,2022-2023,21,0,0
996,39,2022-2023,20,4,3
997,39,2022-2023,19,3,2
998,39,2022-2023,21,4,1
999,39,2022-2023,17,0,0
1000,39,2022-2023,19,3,4
1001,39,2022-2023,14,0,0
1002,39,2022-2023,17,0,0
1003,39,2022-2023,14,1,0
1004,39,2022-2023,14,2,0
1005,39,2022-2023,15,3,0
1006,39,2022-2023,18,0,1
1007,39,2022-2023,12,0,0
1008,39,2022-2023,16,2,3
1009,39,2022-2023,10,0,1
1010,39,2022-2023,11,1,0
1011,39,2022-2023,15,2,0
1012,39,2022-2023,7,0,1
1013,39,2022-2023,8,0,0
1014,39,2022-2023,14,1,0
1015,39,2022-2023,7,0,0
1016,39,2022-2023,4,0,0
1017,39,2022-2023,2,0,0
1018,39,2022-2023,5,0,0
1019,39,2022-2023,4,0,0
1020,39,2022-2023,4,0,0
1021,39,2022-2023,1,0,0
1022,39,2022-2023,4,0,0
1023,39,2022-2023,3,0,0
1024,39,2022-2023,0,0,0
1025,39,2022-2023,0,0,0
1026,39,2022-2023,0,0,0
1027,39,2022-2023,0,0,0
1028,39,2022-2023,0,0,0
1029,36,2022-2023,21,0,0
1030,36,2022-2023,19,2,0
1031,36,2022-2023,19,1,0
1032,36,2022-2023,21,2,0
1033,36,2022-2023,19,1,1
1034,36,2022-2023,20,2,2
1035,36,2022-2023,14,0,0
1036,36,2022-2023,17,0,1
1037,36,2022-2023,14,1,1
1038,36,2022-2023,12,4,0
1039,36,2022-2023,15,1,0
1040,36,2022-2023,11,0,0
1041,36,2022-2023,19,1,1
1042,36,2022-2023,12,1,1
1043,36,2022-2023,15,0,1
1044,36,2022-2023,11,0,0
1045,36,2022-2023,6,1,2
1046,36,2022-2023,11,0,0
1047,36,2022-2023,10,1,0
1048,36,2022-2023,10,0,0
1049,36,2022-2023,15,1,1
1050,36,2022-2023,11,0,0
1051,36,2022-2023,4,0,0
1052,36,2022-2023,4,0,0
1053,36,2022-2023,1,0,0
1054,36,2022-2023,2,0,0
1055,36,2022-2023,1,0,0
1056,36,2022-2023,0,0,0
1057,36,2022-2023,0,0,0
1058,36,2022-2023,0,0,0
1059,36,2022-2023,0,0,0
1060,36,2022-2023,0,0,0
1061,36,2022-2023,0,0,0
1062,36,2022-2023,0,0,0
1063,36,2022-2023,0,0,0
1064,36,2022-2023,0,0,0
1065,36,2022-2023,0,0,0
1066,36,2022-2023,0,0,0
1067,36,2022-2023,0,0,0
1068,26,2022-2023,20,0,2
1069,26,2022-2023,18,0,0
1070,26,2022-2023,19,2,2
1071,26,2022-2023,18,3,0
1072,26,2022-2023,17,0,1
1073,26,2022-2023,16,2,1
1074,26,2022-2023,18,0,0
1075,26,2022-2023,15,1,1
1076,26,2022-2023,19,2,2
1077,26,2022-2023,16,0,0
1078,26,2022-2023,19,3,0
1079,26,2022-2023,17,1,0
1080,26,2022-2023,15,1,1
1081,26,2022-2023,17,2,2
1082,26,2022-2023,16,3,1
1083,26,2022-2023,13,0,0
1084,26,2022-2023,9,0,1
1085,26,2022-2023,7,0,2
1086,26,2022-2023,11,3,1
1087,26,2022-2023,7,0,0
1088,26,2022-2023,3,0,0
1089,26,2022-2023,11,0,0
1090,26,2022-2023,2,0,0
1091,26,2022-2023,3,0,0
1092,26,2022-2023,2,0,0
1093,26,2022-2023,3,0,0
1094,26,2022-2023,2,0,1
1095,26,2022-2023,1,0,0
1096,26,2022-2023,0,0,0
1097,26,2022-2023,0,0,0
1098,26,2022-2023,0,0,0
1099,26,2022-2023,0,0,0
1100,26,2022-2023,0,0,0
1101,26,2022-2023,0,0,0
1102,26,2022-2023,0,0,0
1103,26,2022-2023,0,0,0
1104,26,2022-2023,0,0,0
1105,31,2022-2023,21,3,0
1106,31,2022-2023,21,0,0
1107,31,2022-2023,21,0,0
1108,31,2022-2023,19,0,4
1109,31,2022-2023,21,1,3
1110,31,2022-2023,19,7,0
1111,31,2022-2023,17,0,1
1112,31,2022-2023,19,0,0
1113,31,2022-2023,21,1,2
1114,31,2022-2023,21,1,1
1115,31,2022-2023,19,4,2
1116,31,2022-2023,18,3,0
1117,31,2022-2023,11,0,0
1118,31,2022-2023,9,0,0
1119,31,2022-2023,9,0,1
1120,31,2022-2023,15,0,0
1121,31,2022-2023,11,0,0
1122,31,2022-2023,14,0,0
1123,31,2022-2023,3,0,0
1124,31,2022-2023,5,0,0
1125,31,2022-2023,7,0,0
1126,31,2022-2023,1,0,0
1127,31,2022-2023,5,0,0
1128,31,2022-2023,4,0,0
1129,31,2022-2023,1,0,0
1130,31,2022-2023,3,0,0
1131,31,2022-2023,0,0,0
1132,31,2022-2023,0,0,0
1133,31,2022-2023,0,0,0
1134,31,2022-2023,0,0,0
1135,31,2022-2023,0,0,0
1136,31,2022-2023,0,0,0
1137,31,2022-2023,0,0,0
1138,31,2022-2023,0,0,0
1139,31,2022-2023,0,0,0
1140,31,2022-2023,0,0,0
1141,31,2022-2023,0,0,0
1142,35,2022-2023,21,5,0
1143,35,2022-2023,19,0,0
1144,35,2022-2023,20,0,2
1145,35,2022-2023,19,0,1
1146,35,2022-2023,19,1,0
1147,35,2022-2023,17,3,0
1148,35,2022-2023,15,4,3
1149,35,2022-2023,14,0,0
1150,35,2022-2023,14,0,0
1151,35,2022-2023,19,1,1
1152,35,2022-2023,13,4,3
1153,35,2022-2023,12,1,1
1154,35,2022-2023,10,0,1
1155,35,2022-2023,13,1,0
1156,35,2022-2023,11,0,3
1157,35,2022-2023,8,0,0
1158,35,2022-2023,10,0,0
1159,35,2022-2023,5,0,1
1160,35,2022-2023,10,1,0
1161,35,2022-2023,12,0,0
1162,35,2022-2023,13,1,0
1163,35,2022-2023,2,0,0
1164,35,2022-2023,16,1,1
1165,35,2022-2023,4,0,1
1166,35,2022-2023,1,0,0
1167,35,2022-2023,1,0,0
1168,35,2022-2023,2,1,0
1169,35,2022-2023,1,0,0
1170,35,2022-2023,1,0,0
1171,35,2022-2023,0,0,0
1172,35,2022-2023,0,0,0
1173,35,2022-2023,0,0,0
1174,32,2022-2023,19,1,2
1175,32,2022-2023,20,2,1
1176,32,2022-2023,20,3,1
1177,32,2022-2023,20,8,4
1178,32,2022-2023,15,0,0
1179,32,2022-2023,15,2,2
1180,32,2022-2023,18,0,0
1181,32,2022-2023,17,3,2
1182,32,2022-2023,12,1,0
1183,32,2022-2023,13,0,1
1184,32,2022-2023,14,0,0
1185,32,2022-2023,16,0,1
1186,32,2022-2023,19,2,1
1187,32,2022-2023,10,0,0
1188,32,2022-2023,10,0,0
1189,32,2022-2023,9,0,0
1190,32,2022-2023,6,0,0
1191,32,2022-2023,5,1,0
1192,32,2022-2023,7,0,0
1193,32,2022-2023,10,0,0
1194,32,2022-2023,15,1,1
1195,32,2022-2023,10,0,0
1196,32,2022-2023,12,0,0
1197,32,2022-2023,2,0,0
1198,32,2022-2023,10,0,0
1199,32,2022-2023,2,0,0
1200,32,2022-2023,1,0,0
1201,32,2022-2023,1,0,0
1202,32,2022-2023,0,0,0
1203,32,2022-2023,0,0,0
1204,32,2022-2023,0,0,0
1205,32,2022-2023,0,0,0
1206,32,2022-2023,0,0,0
1207,32,2022-2023,0,0,0
1208,32,2022-2023,0,0,0
1209,32,2022-2023,0,0,0
1210,32,2022-2023,0,0,0
1211,32,2022-2023,0,0,0
1212,32,2022-2023,0,0,0
1213,40,2022-2023,21,0,2
1214,40,2022-2023,19,0,0
1215,40,2022-2023,19,0,0
1216,40,2022-2023,18,9,1
1217,40,2022-2023,18,1,0
1218,40,2022-2023,17,0,0
1219,40,2022-2023,19,1,1
1220,40,2022-2023,16,0,1
1221,40,2022-2023,20,0,0
1222,40,2022-2023,17,1,1
1223,40,2022-2023,13,2,2
1224,40,2022-2023,14,0,0
1225,40,2022-2023,14,0,1
1226,40,2022-2023,14,0,1
1227,40,2022-2023,10,0,0
1228,40,2022-2023,11,0,0
1229,40,2022-2023,9,0,0
1230,40,2022-2023,3,0,0
1231,40,2022-2023,9,1,0
1232,40,2022-2023,11,0,0
1233,40,2022-2023,7,0,0
1234,40,2022-2023,3,0,0
1235,40,2022-2023,6,0,0
1236,40,2022-2023,1,0,0
1237,40,2022-2023,2,0,0
1238,40,2022-2023,1,0,0
1239,40,2022-2023,4,0,0
1240,40,2022-2023,2,0,0
1241,40,2022-2023,4,0,0
1242,40,2022-2023,1,0,0
1243,40,2022-2023,1,0,0
1244,40,2022-2023,1,0,0
1245,40,2022-2023,1,0,0
1246,40,2022-2023,0,0,0
1247,40,2022-2023,0,0,0
1248,40,2022-2023,0,0,0
1249,40,2022-2023,0,0,0
1250,40,2022-2023,0,0,0
1251,40,2022-2023,0,0,0
1252,40,2022-2023,0,0,0
1253,40,2022-2023,0,0,0
1254,40,2022-2023,0,0,0
1255,40,2022-2023,0,0,0
1256,40,2022-2023,0,0,0
1257,28,2022-2023,21,0,0
1258,28,2022-2023,20,0,0
1259,28,2022-2023,17,3,3
1260,28,2022-2023,18,0,0
1261,28,2022-2023,15,1,0
1262,28,2022-2023,16,2,2
1263,28,2022-2023,16,2,0
1264,28,2022-2023,17,1,2
1265,28,2022-2023,13,1,0
1266,28,2022-2023,14,2,3
1267,28,2022-2023,11,0,1
1268,28,2022-2023,15,0,0
1269,28,2022-2023,11,1,0
1270,28,2022-2023,16,1,0
1271,28,2022-2023,8,0,0
1272,28,2022-2023,8,0,2
1273,28,2022-2023,16,1,1
1274,28,2022-2023,9,0,0
1275,28,2022-2023,10,1,0
1276,28,2022-2023,12,0,0
1277,28,2022-2023,9,0,0
1278,28,2022-2023,11,0,0
1279,28,2022-2023,6,0,0
1280,28,2022-2023,7,0,0
1281,28,2022-2023,2,0,0
1282,28,2022-2023,2,0,0
1283,28,2022-2023,2,1,0
1284,28,2022-2023,1,0,0
1285,28,2022-2023,1,0,0
1286,28,2022-2023,3,0,0
1287,28,2022-2023,1,0,0
1288,28,2022-2023,1,0,0
1289,28,2022-2023,1,0,0
1290,28,2022-2023,1,0,0
1291,28,2022-2023,0,0,0
1292,28,2022-2023,0,0,0
1293,28,2022-2023,0,0,0
1294,28,2022-2023,0,0,0
1295,28,2022-2023,0,0,0
1296,28,2022-2023,0,0,0
1297,28,2022-2023,0,0,0
1298,30,2022-2023,21,0,0
1299,30,2022-2023,20,1,2
1300,30,2022-2023,20,2,0
1301,30,2022-2023,19,0,1
1302,30,2022-2023,18,0,2
1303,30,2022-2023,16,1,0
1304,30,2022-2023,15,0,0
1305,30,2022-2023,15,1,0
1306,30,2022-2023,19,4,1
1307,30,2022-2023,13,1,0
1308,30,2022-2023,12,0,0
1309,30,2022-2023,10,0,1
1310,30,2022-2023,16,0,0
1311,30,2022-2023,15,0,0
1312,30,2022-2023,11,0,0
1313,30,2022-2023,18,0,0
1314,30,2022-2023,6,0,0
1315,30,2022-2023,6,0,1
1316,30,2022-2023,9,0,0
1317,30,2022-2023,4,0,0
1318,30,2022-2023,6,0,0
1319,30,2022-2023,15,0,0
1320,30,2022-2023,5,0,0
1321,30,2022-2023,5,0,0
1322,30,2022-2023,3,0,0
1323,30,2022-2023,1,0,0
1324,30,2022-2023,5,0,0
1325,30,2022-2023,4,0,0
1326,30,2022-2023,1,0,0
1327,30,2022-2023,1,0,0
1328,30,2022-2023,1,0,0
1329,30,2022-2023,0,0,0
1330,30,2022-2023,0,0,0
1331,30,2022-2023,0,0,0
1332,30,2022-2023,0,0,0
1333,30,2022-2023,0,0,0
1334,30,2022-2023,0,0,0
1335,30,2022-2023,0,0,0
1336,30,2022-2023,0,0,0
1337,30,2022-2023,0,0,0
1338,38,2022-2023,20,1,1
1339,38,2022-2023,20,5,0
1340,38,2022-2023,19,1,0
1341,38,2022-2023,17,1,1
1342,38,2022-2023,18,3,0
1343,38,2022-2023,15,0,1
1344,38,2022-2023,14,0,1
1345,38,2022-2023,15,1,0
1346,38,2022-2023,12,0,0
1347,38,2022-2023,15,0,0
1348,38,2022-2023,9,0,0
1349,38,2022-2023,15,0,0
1350,38,2022-2023,8,0,0
1351,38,2022-2023,13,0,0
1352,38,2022-2023,14,0,0
1353,38,2022-2023,9,0,1
1354,38,2022-2023,10,0,0
1355,38,2022-2023,6,0,1
1356,38,2022-2023,18,3,0
1357,38,2022-2023,5,0,0
1358,38,2022-2023,13,0,0
1359,38,2022-2023,16,0,0
1360,38,2022-2023,12,0,0
1361,38,2022-2023,4,0,0
1362,38,2022-2023,7,0,1
1363,38,2022-2023,3,0,0
1364,38,2022-2023,2,0,0
1365,38,2022-2023,1,0,0
1366,38,2022-2023,2,0,0
1367,38,2022-2023,2,0,0
1368,38,2022-2023,0,0,0
1369,38,2022-2023,0,0,0
1370,38,2022-2023,0,0,0
1371,38,2022-2023,0,0,0
1372,38,2022-2023,0,0,0
1373,38,2022-2023,0,0,0
1374,41,2022-2023,20,0,0
1375,41,2022-2023,20,5,0
1376,41,2022-2023,17,14,4
1377,41,2022-2023,18,0,1
1378,41,2022-2023,20,1,2
1379,41,2022-2023,18,0,4
1380,41,2022-2023,18,2,1
1381,41,2022-2023,18,5,5
1382,41,2022-2023,13,0,2
1383,41,2022-2023,19,4,4
1384,41,2022-2023,10,0,1
1385,41,2022-2023,14,1,3
1386,41,2022-2023,11,1,0
1387,41,2022-2023,10,0,1
1388,41,2022-2023,20,3,3
1389,41,2022-2023,17,2,0
1390,41,2022-2023,12,1,0
1391,41,2022-2023,12,2,0
1392,41,2022-2023,6,0,0
1393,41,2022-2023,12,0,1
1394,41,2022-2023,2,1,0
1395,41,2022-2023,3,0,0
1396,41,2022-2023,1,0,0
1397,41,2022-2023,1,0,0
1398,41,2022-2023,1,0,0
1399,41,2022-2023,0,0,0
1400,41,2022-2023,0,0,0
1401,41,2022-2023,0,0,0
1402,41,2022-2023,0,0,0
1403,41,2022-2023,0,0,0
1404,41,2022-2023,0,0,0
1405,42,2022-2023,20,7,3
1406,42,2022-2023,20,6,2
1407,42,2022-2023,17,1,3
1408,42,2022-2023,15,0,0
1409,42,2022-2023,17,2,2
1410,42,2022-2023,16,3,0
1411,42,2022-2023,14,0,1
1412,42,2022-2023,18,1,0
1413,42,2022-2023,19,3,2
1414,42,2022-2023,16,0,2
1415,42,2022-2023,18,4,5
1416,42,2022-2023,15,0,1
1417,42,2022-2023,12,9,3
1418,42,2022-2023,20,0,1
1419,42,2022-2023,13,0,1
1420,42,2022-2023,11,0,0
1421,42,2022-2023,15,2,3
1422,42,2022-2023,5,0,0
1423,42,2022-2023,10,2,0
1424,42,2022-2023,3,0,0
1425,42,2022-2023,5,0,0
1426,42,2022-2023,1,0,0
1427,42,2022-2023,0,0,0
1428,42,2022-2023,0,0,0
1429,42,2022-2023,0,0,0
1430,42,2022-2023,0,0,0
1431,42,2022-2023,0,0,0
1432,42,2022-2023,0,0,0
1433,42,2022-2023,0,0,0
1434,49,2022-2023,20,0,0
1435,49,2022-2023,19,1,2
1436,49,2022-2023,19,7,3
1437,49,2022-2023,16,8,1
1438,49,2022-2023,17,0,0
1439,49,2022-2023,16,1,7
1440,49,2022-2023,17,3,2
1441,49,2022-2023,16,1,2
1442,49,2022-2023,16,1,1
1443,49,2022-2023,16,0,1
1444,49,2022-2023,13,0,0
1445,49,2022-2023,11,0,0
1446,49,2022-2023,13,0,0
1447,49,2022-2023,9,0,0
1448,49,2022-2023,12,1,0
1449,49,2022-2023,10,0,0
1450,49,2022-2023,7,0,0
1451,49,2022-2023,8,0,2
1452,49,2022-2023,5,0,0
1453,49,2022-2023,7,1,0
1454,49,2022-2023,2,1,0
1455,49,2022-2023,14,0,0
1456,49,2022-2023,6,1,0
1457,49,2022-2023,5,0,0
1458,49,2022-2023,6,0,0
1459,49,2022-2023,2,1,0
1460,49,2022-2023,6,0,0
1461,49,2022-2023,2,0,0
1462,49,2022-2023,3,0,0
1463,49,2022-2023,3,0,0
1464,49,2022-2023,0,0,0
1465,49,2022-2023,0,0,0
1466,49,2022-2023,0,0,0
1467,49,2022-2023,0,0,0
1468,49,2022-2023,0,0,0
1469,43,2022-2023,19,0,0
1470,43,2022-2023,18,0,0
1471,43,2022-2023,16,0,1
1472,43,2022-2023,20,7,1
1473,43,2022-2023,17,0,0
1474,43,2022-2023,20,6,6
1475,43,2022-2023,13,0,0
1476,43,2022-2023,16,0,2
1477,43,2022-2023,13,1,0
1478,43,2022-2023,12,0,0
1479,43,2022-2023,15,1,2
1480,43,2022-2023,18,1,0
1481,43,2022-2023,16,0,2
1482,43,2022-2023,15,0,2
1483,43,2022-2023,19,5,0
1484,43,2022-2023,14,4,3
1485,43,2022-2023,16,1,1
1486,43,2022-2023,8,2,0
1487,43,2022-2023,5,0,0
1488,43,2022-2023,11,0,2
1489,43,2022-2023,4,0,0
1490,43,2022-2023,3,0,0
1491,43,2022-2023,4,0,0
1492,43,2022-2023,2,0,0
1493,43,2022-2023,0,0,0
1494,43,2022-2023,0,0,0
1495,43,2022-2023,0,0,0
1496,43,2022-2023,0,0,0
1497,43,2022-2023,0,0,0
1498,43,2022-2023,0,0,0
1499,43,2022-2023,0,0,0
1500,43,2022-2023,0,0,0
1501,43,2022-2023,0,0,0
1502,43,2022-2023,0,0,0
1503,43,2022-2023,0,0,0
1504,59,2022-2023,20,0,0
1505,59,2022-2023,20,0,2
1506,59,2022-2023,19,1,1
1507,59,2022-2023,19,0,0
1508,59,2022-2023,19,5,4
1509,59,2022-2023,18,3,0
1510,59,2022-2023,18,4,2
1511,59,2022-2023,20,5,3
1512,59,2022-2023,18,2,3
1513,59,2022-2023,17,0,0
1514,59,2022-2023,18,1,0
1515,59,2022-2023,18,1,0
1516,59,2022-2023,19,1,2
1517,59,2022-2023,17,2,0
1518,59,2022-2023,12,0,0
1519,59,2022-2023,4,0,0
1520,59,2022-2023,4,0,0
1521,59,2022-2023,1,0,0
1522,59,2022-2023,6,0,0
1523,59,2022-2023,10,0,0
1524,59,2022-2023,7,0,0
1525,59,2022-2023,4,0,0
1526,59,2022-2023,2,0,0
1527,59,2022-2023,2,0,0
1528,59,2022-2023,1,0,0
1529,59,2022-2023,1,0,0
1530,59,2022-2023,1,0,0
1531,59,2022-2023,1,0,0
1532,59,2022-2023,0,0,0
1533,54,2022-2023,20,1,3
1534,54,2022-2023,17,0,0
1535,54,2022-2023,17,0,0
1536,54,2022-2023,14,0,0
1537,54,2022-2023,15,0,0
1538,54,2022-2023,19,2,1
1539,54,2022-2023,19,1,2
1540,54,2022-2023,12,5,2
1541,54,2022-2023,18,4,1
1542,54,2022-2023,14,0,0
1543,54,2022-2023,12,0,1
1544,54,2022-2023,14,2,2
1545,54,2022-2023,15,1,0
1546,54,2022-2023,8,1,0
1547,54,2022-2023,9,1,0
1548,54,2022-2023,10,0,0
1549,54,2022-2023,10,2,0
1550,54,2022-2023,5,0,0
1551,54,2022-2023,9,0,0
1552,54,2022-2023,19,1,0
1553,54,2022-2023,9,0,0
1554,54,2022-2023,6,0,0
1555,54,2022-2023,11,0,0
1556,54,2022-2023,4,0,0
1557,54,2022-2023,1,0,0
1558,54,2022-2023,1,0,0
1559,54,2022-2023,1,0,0
1560,54,2022-2023,2,0,0
1561,54,2022-2023,1,0,0
1562,54,2022-2023,0,0,0
1563,54,2022-2023,0,0,0
1564,54,2022-2023,0,0,0
1565,54,2022-2023,0,0,0
1566,44,2022-2023,19,9,3
1567,44,2022-2023,17,0,0
1568,44,2022-2023,18,2,1
1569,44,2022-2023,17,0,0
1570,44,2022-2023,17,2,0
1571,44,2022-2023,17,0,0
1572,44,2022-2023,15,0,3
1573,44,2022-2023,18,1,1
1574,44,2022-2023,15,0,0
1575,44,2022-2023,15,1,0
1576,44,2022-2023,13,0,0
1577,44,2022-2023,13,2,2
1578,44,2022-2023,11,0,0
1579,44,2022-2023,17,0,0
1580,44,2022-2023,13,0,0
1581,44,2022-2023,9,3,0
1582,44,2022-2023,5,0,0
1583,44,2022-2023,5,0,0
1584,44,2022-2023,3,0,0
1585,44,2022-2023,3,0,0
1586,44,2022-2023,15,0,0
1587,44,2022-2023,6,0,0
1588,44,2022-2023,3,0,0
1589,44,2022-2023,8,0,1
1590,44,2022-2023,5,1,0
1591,44,2022-2023,1,0,0
1592,44,2022-2023,2,0,0
1593,44,2022-2023,1,0,0
1594,44,2022-2023,2,0,0
1595,44,2022-2023,1,0,0
1596,44,2022-2023,0,0,0
1597,44,2022-2023,0,0,0
1598,44,2022-2023,0,0,0
1599,45,2022-2023,20,0,0
1600,45,2022-2023,20,3,4
1601,45,2022-2023,20,0,3
1602,45,2022-2023,18,5,1
1603,45,2022-2023,20,7,0
1604,45,2022-2023,17,1,1
1605,45,2022-2023,19,2,2
1606,45,2022-2023,19,3,1
1607,45,2022-2023,14,1,0
1608,45,2022-2023,17,0,2
1609,45,2022-2023,15,0,1
1610,45,2022-2023,12,0,1
1611,45,2022-2023,9,0,0
1612,45,2022-2023,12,0,1
1613,45,2022-2023,13,5,0
1614,45,2022-2023,8,0,1
1615,45,2022-2023,19,1,2
1616,45,2022-2023,14,0,0
1617,45,2022-2023,5,0,0
1618,45,2022-2023,5,0,0
1619,45,2022-2023,6,0,0
1620,45,2022-2023,9,0,1
1621,45,2022-2023,1,0,0
1622,45,2022-2023,2,0,0
1623,45,2022-2023,1,0,0
1624,45,2022-2023,0,0,0
1625,45,2022-2023,0,0,0
1626,45,2022-2023,0,0,0
1627,53,2022-2023,20,1,2
1628,53,2022-2023,19,0,0
1629,53,2022-2023,18,1,0
1630,53,2022-2023,18,7,2
1631,53,2022-2023,16,0,1
1632,53,2022-2023,16,0,0
1633,53,2022-2023,20,0,0
1634,53,2022-2023,16,3,1
1635,53,2022-2023,16,2,0
1636,53,2022-2023,10,0,0
1637,53,2022-2023,10,0,0
1638,53,2022-2023,13,0,0
1639,53,2022-2023,15,0,1
1640,53,2022-2023,14,0,2
1641,53,2022-2023,11,0,1
1642,53,2022-2023,18,1,1
1643,53,2022-2023,7,0,0
1644,53,2022-2023,17,1,2
1645,53,2022-2023,5,0,0
1646,53,2022-2023,10,1,1
1647,53,2022-2023,20,2,0
1648,53,2022-2023,8,0,0
1649,53,2022-2023,2,0,0
1650,53,2022-2023,0,0,0
1651,53,2022-2023,0,0,0
1652,53,2022-2023,0,0,0
1653,53,2022-2023,0,0,0
1654,53,2022-2023,0,0,0
1655,56,2022-2023,20,0,0
1656,56,2022-2023,19,1,0
1657,56,2022-2023,18,8,1
1658,56,2022-2023,17,0,0
1659,56,2022-2023,17,0,1
1660,56,2022-2023,18,1,2
1661,56,2022-2023,19,2,3
1662,56,2022-2023,17,0,0
1663,56,2022-2023,16,0,0
1664,56,2022-2023,19,1,2
1665,56,2022-2023,16,0,0
1666,56,2022-2023,13,0,0
1667,56,2022-2023,18,0,0
1668,56,2022-2023,14,0,0
1669,56,2022-2023,8,0,2
1670,56,2022-2023,7,0,0
1671,56,2022-2023,13,1,0
1672,56,2022-2023,5,0,0
1673,56,2022-2023,3,0,0
1674,56,2022-2023,8,0,0
1675,56,2022-2023,13,1,0
1676,56,2022-2023,4,0,0
1677,56,2022-2023,5,0,0
1678,56,2022-2023,1,0,0
1679,56,2022-2023,0,0,0
1680,56,2022-2023,0,0,0
1681,56,2022-2023,0,0,0
1682,56,2022-2023,0,0,0
1683,56,2022-2023,0,0,0
1684,56,2022-2023,0,0,0
1685,56,2022-2023,0,0,0
1686,56,2022-2023,0,0,0
1687,60,2022-2023,20,0,4
1688,60,2022-2023,19,0,1
1689,60,2022-2023,19,4,0
1690,60,2022-2023,19,0,2
1691,60,2022-2023,16,1,0
1692,60,2022-2023,16,2,1
1693,60,2022-2023,19,3,1
1694,60,2022-2023,11,2,1
1695,60,2022-2023,10,0,0
1696,60,2022-2023,10,0,0
1697,60,2022-2023,16,2,2
1698,60,2022-2023,12,0,1
1699,60,2022-2023,9,0,0
1700,60,2022-2023,14,0,1
1701,60,2022-2023,16,1,1
1702,60,2022-2023,16,5,0
1703,60,2022-2023,15,0,2
1704,60,2022-2023,8,2,0
1705,60,2022-2023,10,0,1
1706,60,2022-2023,7,1,0
1707,60,2022-2023,8,0,0
1708,60,2022-2023,7,0,1
1709,60,2022-2023,8,2,0
1710,60,2022-2023,3,0,0
1711,60,2022-2023,2,1,0
1712,60,2022-2023,3,0,0
1713,60,2022-2023,1,0,0
1714,60,2022-2023,0,0,0
1715,60,2022-2023,0,0,0
1716,60,2022-2023,0,0,0
1717,60,2022-2023,0,0,0
1718,60,2022-2023,0,0,0
1719,60,2022-2023,0,0,0
1720,60,2022-2023,0,0,0
1721,60,2022-2023,0,0,0
1722,51,2022-2023,20,2,0
1723,51,2022-2023,20,0,1
1724,51,2022-2023,19,0,0
1725,51,2022-2023,19,0,0
1726,51,2022-2023,20,9,3
1727,51,2022-2023,20,0,1
1728,51,2022-2023,19,0,2
1729,51,2022-2023,15,0,0
1730,51,2022-2023,19,2,0
1731,51,2022-2023,19,6,2
1732,51,2022-2023,16,2,3
1733,51,2022-2023,16,0,0
1734,51,2022-2023,19,0,3
1735,51,2022-2023,15,0,0
1736,51,2022-2023,12,1,0
1737,51,2022-2023,11,0,2
1738,51,2022-2023,8,0,1
1739,51,2022-2023,4,0,0
1740,51,2022-2023,1,0,0
1741,51,2022-2023,4,0,0
1742,51,2022-2023,1,0,0
1743,51,2022-2023,1,0,0
1744,51,2022-2023,1,0,0
1745,51,2022-2023,0,0,0
1746,51,2022-2023,0,0,0
1747,51,2022-2023,0,0,0
1748,51,2022-2023,0,0,0
1749,51,2022-2023,0,0,0
1750,51,2022-2023,0,0,0
1751,51,2022-2023,0,0,0
1752,51,2022-2023,0,0,0
1753,52,2022-2023,17,1,0
1754,52,2022-2023,15,0,0
1755,52,2022-2023,19,0,1
1756,52,2022-2023,16,1,0
1757,52,2022-2023,16,2,1
1758,52,2022-2023,20,1,1
1759,52,2022-2023,19,0,2
1760,52,2022-2023,17,1,1
1761,52,2022-2023,17,5,1
1762,52,2022-2023,10,0,0
1763,52,2022-2023,16,0,2
1764,52,2022-2023,12,0,0
1765,52,2022-2023,15,0,0
1766,52,2022-2023,14,0,0
1767,52,2022-2023,10,0,0
1768,52,2022-2023,9,0,1
1769,52,2022-2023,12,0,0
1770,52,2022-2023,10,0,0
1771,52,2022-2023,15,1,0
1772,52,2022-2023,5,0,0
1773,52,2022-2023,8,0,0
1774,52,2022-2023,3,1,0
1775,52,2022-2023,2,0,1
1776,52,2022-2023,5,0,0
1777,52,2022-2023,2,0,0
1778,52,2022-2023,2,0,0
1779,52,2022-2023,1,0,0
1780,52,2022-2023,4,0,0
1781,52,2022-2023,5,0,0
1782,52,2022-2023,2,2,0
1783,52,2022-2023,1,0,0
1784,52,2022-2023,1,0,0
1785,52,2022-2023,0,0,0
1786,52,2022-2023,0,0,0
1787,52,2022-2023,0,0,0
1788,58,2022-2023,20,0,0
1789,58,2022-2023,19,0,0
1790,58,2022-2023,19,0,0
1791,58,2022-2023,20,1,3
1792,58,2022-2023,17,1,0
1793,58,2022-2023,14,2,3
1794,58,2022-2023,16,3,1
1795,58,2022-2023,18,2,0
1796,58,2022-2023,16,0,0
1797,58,2022-2023,14,4,2
1798,58,2022-2023,16,0,1
1799,58,2022-2023,11,1,0
1800,58,2022-2023,15,1,3
1801,58,2022-2023,10,0,1
1802,58,2022-2023,10,1,0
1803,58,2022-2023,15,1,1
1804,58,2022-2023,8,0,0
1805,58,2022-2023,3,2,0
1806,58,2022-2023,5,1,0
1807,58,2022-2023,13,0,1
1808,58,2022-2023,8,1,0
1809,58,2022-2023,14,2,0
1810,58,2022-2023,11,0,0
1811,58,2022-2023,1,0,0
1812,58,2022-2023,2,0,0
1813,58,2022-2023,1,0,0
1814,58,2022-2023,2,0,0
1815,58,2022-2023,0,0,0
1816,58,2022-2023,0,0,0
1817,58,2022-2023,0,0,0
1818,58,2022-2023,0,0,0
1819,58,2022-2023,0,0,0
1820,58,2022-2023,0,0,0
1821,48,2022-2023,20,2,1
1822,48,2022-2023,19,11,2
1823,48,2022-2023,19,0,5
1824,48,2022-2023,19,0,0
1825,48,2022-2023,18,0,0
1826,48,2022-2023,16,0,1
1827,48,2022-2023,15,5,1
1828,48,2022-2023,17,0,0
1829,48,2022-2023,19,3,1
1830,48,2022-2023,14,0,0
1831,48,2022-2023,18,2,2
1832,48,2022-2023,10,0,0
1833,48,2022-2023,10,0,0
1834,48,2022-2023,15,0,0
1835,48,2022-2023,14,0,0
1836,48,2022-2023,5,0,0
1837,48,2022-2023,9,0,1
1838,48,2022-2023,11,0,0
1839,48,2022-2023,5,0,0
1840,48,2022-2023,1,0,0
1841,48,2022-2023,8,1,0
1842,48,2022-2023,7,0,0
1843,48,2022-2023,4,0,0
1844,48,2022-2023,1,0,0
1845,48,2022-2023,1,0,0
1846,48,2022-2023,1,0,0
1847,48,2022-2023,2,0,0
1848,48,2022-2023,4,0,0
1849,48,2022-2023,1,0,0
1850,48,2022-2023,1,0,0
1851,48,2022-2023,0,0,0
1852,48,2022-2023,0,0,0
1853,48,2022-2023,0,0,0
1854,48,2022-2023,0,0,0
1855,47,2022-2023,18,0,0
1856,47,2022-2023,18,3,1
1857,47,2022-2023,18,2,0
1858,47,2022-2023,16,0,1
1859,47,2022-2023,18,3,0
1860,47,2022-2023,15,2,1
1861,47,2022-2023,16,0,0
1862,47,2022-2023,16,1,2
1863,47,2022-2023,12,0,0
1864,47,2022-2023,12,1,0
1865,47,2022-2023,12,0,2
1866,47,2022-2023,12,0,1
1867,47,2022-2023,14,3,0
1868,47,2022-2023,10,1,1
1869,47,2022-2023,13,0,2
1870,47,2022-2023,16,2,0
1871,47,2022-2023,13,0,1
1872,47,2022-2023,10,2,1
1873,47,2022-2023,6,1,1
1874,47,2022-2023,4,0,0
1875,47,2022-2023,5,0,0
1876,47,2022-2023,8,0,0
1877,47,2022-2023,6,0,0
1878,47,2022-2023,3,0,0
1879,47,2022-2023,4,0,1
1880,47,2022-2023,9,0,1
1881,47,2022-2023,1,0,0
1882,47,2022-2023,1,0,0
1883,47,2022-2023,2,0,0
1884,47,2022-2023,1,0,0
1885,47,2022-2023,1,0,0
1886,47,2022-2023,1,0,0
1887,47,2022-2023,1,0,0
1888,47,2022-2023,0,0,0
1889,47,2022-2023,0,0,0
1890,47,2022-2023,0,0,0
1891,47,2022-2023,0,0,0
1892,47,2022-2023,0,0,0
1893,47,2022-2023,0,0,0
1894,46,2022-2023,20,0,0
1895,46,2022-2023,20,2,0
1896,46,2022-2023,16,1,2
1897,46,2022-2023,16,0,0
1898,46,2022-2023,17,0,2
1899,46,2022-2023,16,1,0
1900,46,2022-2023,17,1,4
1901,46,2022-2023,17,2,3
1902,46,2022-2023,13,2,0
1903,46,2022-2023,13,5,1
1904,46,2022-2023,15,2,0
1905,46,2022-2023,12,1,0
1906,46,2022-2023,14,3,0
1907,46,2022-2023,13,1,0
1908,46,2022-2023,14,0,1
1909,46,2022-2023,13,1,0
1910,46,2022-2023,12,0,0
1911,46,2022-2023,6,0,0
1912,46,2022-2023,14,1,0
1913,46,2022-2023,15,1,0
1914,46,2022-2023,3,1,0
1915,46,2022-2023,6,0,0
1916,46,2022-2023,3,0,0
1917,46,2022-2023,3,0,0
1918,46,2022-2023,3,0,0
1919,46,2022-2023,1,0,0
1920,46,2022-2023,0,0,0
1921,46,2022-2023,0,0,0
1922,46,2022-2023,0,0,0
1923,46,2022-2023,0,0,0
1924,46,2022-2023,0,0,0
1925,46,2022-2023,0,0,0
1926,46,2022-2023,0,0,0
1927,46,2022-2023,0,0,0
1928,46,2022-2023,0,0,0
1929,46,2022-2023,0,0,0
1930,46,2022-2023,0,0,0
1931,46,2022-2023,0,0,0
1932,46,2022-2023,0,0,0
1933,55,2022-2023,20,0,0
1934,55,2022-2023,20,0,3
1935,55,2022-2023,18,0,0
1936,55,2022-2023,18,3,0
1937,55,2022-2023,16,1,1
1938,55,2022-2023,16,1,1
1939,55,2022-2023,16,0,0
1940,55,2022-2023,18,0,0
1941,55,2022-2023,13,0,0
1942,55,2022-2023,13,0,0
1943,55,2022-2023,15,1,0
1944,55,2022-2023,11,1,0
1945,55,2022-2023,13,2,0
1946,55,2022-2023,15,0,1
1947,55,2022-2023,10,0,1
1948,55,2022-2023,14,1,2
1949,55,2022-2023,7,0,0
1950,55,2022-2023,14,3,0
1951,55,2022-2023,8,0,0
1952,55,2022-2023,12,0,0
1953,55,2022-2023,4,0,0
1954,55,2022-2023,3,0,0
1955,55,2022-2023,5,0,0
1956,55,2022-2023,3,0,0
1957,55,2022-2023,2,1,0
1958,55,2022-2023,2,0,0
1959,55,2022-2023,2,0,0
1960,55,2022-2023,1,0,0
1961,55,2022-2023,3,0,0
1962,55,2022-2023,2,0,0
1963,55,2022-2023,1,0,1
1964,55,2022-2023,1,0,0
1965,55,2022-2023,1,0,0
1966,55,2022-2023,1,0,0
1967,55,2022-2023,0,0,0
1968,55,2022-2023,0,0,0
1969,55,2022-2023,0,0,0
1970,55,2022-2023,0,0,0
1971,55,2022-2023,0,0,0
1972,55,2022-2023,0,0,0
1973,55,2022-2023,0,0,0
1974,57,2022-2023,20,0,0
1975,57,2022-2023,20,6,3
1976,57,2022-2023,20,4,0
1977,57,2022-2023,19,0,2
1978,57,2022-2023,19,2,2
1979,57,2022-2023,18,0,0
1980,57,2022-2023,18,1,0
1981,57,2022-2023,14,0,0
1982,57,2022-2023,13,1,0
1983,57,2022-2023,14,0,0
1984,57,2022-2023,12,0,0
1985,57,2022-2023,14,0,0
1986,57,2022-2023,8,0,0
1987,57,2022-2023,7,0,1
1988,57,2022-2023,8,0,0
1989,57,2022-2023,17,0,2
1990,57,2022-2023,10,2,0
1991,57,2022-2023,11,0,0
1992,57,2022-2023,4,0,0
1993,57,2022-2023,12,1,0
1994,57,2022-2023,10,0,0
1995,57,2022-2023,4,0,0
1996,57,2022-2023,6,0,0
1997,57,2022-2023,1,0,0
1998,57,2022-2023,1,0,0
1999,57,2022-2023,0,0,0
2000,57,2022-2023,0,0,0
2001,57,2022-2023,0,0,0
2002,57,2022-2023,0,0,0
2003,57,2022-2023,0,0,0
2004,57,2022-2023,0,0,0
2005,57,2022-2023,0,0,0
2006,57,2022-2023,0,0,0
2007,50,2022-2023,20,0,0
2008,50,2022-2023,18,0,0
2009,50,2022-2023,17,0,0
2010,50,2022-2023,18,1,2
2011,50,2022-2023,18,0,3
2012,50,2022-2023,19,6,1
2013,50,2022-2023,15,0,1
2014,50,2022-2023,15,0,0
2015,50,2022-2023,15,0,0
2016,50,2022-2023,15,0,0
2017,50,2022-2023,15,0,0
2018,50,2022-2023,12,0,1
2019,50,2022-2023,9,1,1
2020,50,2022-2023,8,1,0
2021,50,2022-2023,11,0,0
2022,50,2022-2023,8,1,0
2023,50,2022-2023,19,3,0
2024,50,2022-2023,10,0,1
2025,50,2022-2023,13,1,0
2026,50,2022-2023,3,0,0
2027,50,2022-2023,3,1,0
2028,50,2022-2023,9,0,0
2029,50,2022-2023,10,0,0
2030,50,2022-2023,5,0,1
2031,50,2022-2023,3,0,0
2032,50,2022-2023,3,0,0
2033,50,2022-2023,1,0,0
2034,50,2022-2023,1,0,0
2035,50,2022-2023,1,0,0
2036,50,2022-2023,1,0,0
2037,50,2022-2023,0,0,0
2038,50,2022-2023,0,0,0
2039,50,2022-2023,0,0,0
2040,50,2022-2023,0,0,0
2041,50,2022-2023,0,0,0
2042,50,2022-2023,0,0,0
2043,64,2022-2023,22,0,0
2044,64,2022-2023,21,2,0
2045,64,2022-2023,18,10,10
2046,64,2022-2023,19,0,1
2047,64,2022-2023,19,13,2
2048,64,2022-2023,20,4,3
2049,64,2022-2023,18,12,10
2050,64,2022-2023,20,0,0
2051,64,2022-2023,17,0,0
2052,64,2022-2023,17,1,0
2053,64,2022-2023,14,1,1
2054,64,2022-2023,17,0,3
2055,64,2022-2023,16,1,1
2056,64,2022-2023,14,1,4
2057,64,2022-2023,14,2,2
2058,64,2022-2023,15,3,3
2059,64,2022-2023,8,0,0
2060,64,2022-2023,14,2,0
2061,64,2022-2023,14,0,0
2062,64,2022-2023,10,1,0
2063,64,2022-2023,4,0,0
2064,64,2022-2023,3,0,1
2065,64,2022-2023,2,0,0
2066,64,2022-2023,0,0,0
2067,64,2022-2023,0,0,0
2068,64,2022-2023,0,0,0
2069,64,2022-2023,0,0,0
2070,64,2022-2023,0,0,0
2071,64,2022-2023,0,0,0
2072,64,2022-2023,0,0,0
2073,64,2022-2023,0,0,0
2074,61,2022-2023,22,2,0
2075,61,2022-2023,22,0,1
2076,61,2022-2023,21,1,0
2077,61,2022-2023,18,0,1
2078,61,2022-2023,18,1,8
2079,61,2022-2023,20,1,3
2080,61,2022-2023,19,7,1
2081,61,2022-2023,19,5,0
2082,61,2022-2023,22,3,2
2083,61,2022-2023,16,2,2
2084,61,2022-2023,21,1,3
2085,61,2022-2023,18,3,1
2086,61,2022-2023,18,2,3
2087,61,2022-2023,10,0,0
2088,61,2022-2023,10,2,0
2089,61,2022-2023,10,1,0
2090,61,2022-2023,14,1,1
2091,61,2022-2023,4,0,0
2092,61,2022-2023,6,0,0
2093,61,2022-2023,5,1,0
2094,61,2022-2023,7,3,1
2095,61,2022-2023,2,0,0
2096,61,2022-2023,10,1,0
2097,61,2022-2023,1,0,0
2098,61,2022-2023,5,0,0
2099,61,2022-2023,3,0,1
2100,61,2022-2023,2,1,0
2101,61,2022-2023,1,0,0
2102,61,2022-2023,1,0,0
2103,61,2022-2023,0,0,0
2104,61,2022-2023,0,0,0
2105,61,2022-2023,0,0,0
2106,61,2022-2023,0,0,0
2107,61,2022-2023,0,0,0
2108,65,2022-2023,22,1,1
2109,65,2022-2023,22,0,0
2110,65,2022-2023,20,1,0
2111,65,2022-2023,22,6,6
2112,65,2022-2023,20,1,2
2113,65,2022-2023,20,3,3
2114,65,2022-2023,22,2,2
2115,65,2022-2023,17,1,2
2116,65,2022-2023,19,1,1
2117,65,2022-2023,22,9,1
2118,65,2022-2023,20,1,3
2119,65,2022-2023,20,0,0
2120,65,2022-2023,17,5,0
2121,65,2022-2023,11,0,1
2122,65,2022-2023,11,0,0
2123,65,2022-2023,13,2,2
2124,65,2022-2023,7,0,1
2125,65,2022-2023,4,1,0
2126,65,2022-2023,3,0,0
2127,65,2022-2023,9,0,0
2128,65,2022-2023,5,0,0
2129,65,2022-2023,4,0,0
2130,65,2022-2023,4,0,0
2131,65,2022-2023,3,0,0
2132,65,2022-2023,2,0,0
2133,65,2022-2023,1,0,0
2134,65,2022-2023,1,0,0
2135,65,2022-2023,1,0,0
2136,65,2022-2023,0,0,0
2137,65,2022-2023,0,0,0
2138,65,2022-2023,0,0,0
2139,65,2022-2023,0,0,0
2140,65,2022-2023,0,0,0
2141,65,2022-2023,0,0,0
2142,65,2022-2023,0,0,0
2143,77,2022-2023,22,0,0
2144,77,2022-2023,22,2,3
2145,77,2022-2023,21,1,1
2146,77,2022-2023,19,1,7
2147,77,2022-2023,22,12,2
2148,77,2022-2023,21,4,6
2149,77,2022-2023,17,3,0
2150,77,2022-2023,17,0,2
2151,77,2022-2023,18,12,2
2152,77,2022-2023,20,0,3
2153,77,2022-2023,18,2,1
2154,77,2022-2023,11,2,0
2155,77,2022-2023,11,1,3
2156,77,2022-2023,10,0,0
2157,77,2022-2023,12,0,0
2158,77,2022-2023,6,3,0
2159,77,2022-2023,18,0,2
2160,77,2022-2023,9,0,0
2161,77,2022-2023,10,0,0
2162,77,2022-2023,6,0,0
2163,77,2022-2023,8,2,1
2164,77,2022-2023,6,0,0
2165,77,2022-2023,1,1,0
2166,77,2022-2023,1,0,0
2167,77,2022-2023,4,1,0
2168,77,2022-2023,0,0,0
2169,77,2022-2023,0,0,0
2170,77,2022-2023,0,0,0
2171,70,2022-2023,22,2,0
2172,70,2022-2023,21,3,5
2173,70,2022-2023,20,0,1
2174,70,2022-2023,22,0,6
2175,70,2022-2023,19,1,2
2176,70,2022-2023,17,9,1
2177,70,2022-2023,22,2,2
2178,70,2022-2023,16,9,4
2179,70,2022-2023,13,1,0
2180,70,2022-2023,15,4,1
2181,70,2022-2023,17,1,2
2182,70,2022-2023,10,1,0
2183,70,2022-2023,14,0,0
2184,70,2022-2023,9,0,0
2185,70,2022-2023,16,3,1
2186,70,2022-2023,8,0,0
2187,70,2022-2023,16,0,0
2188,70,2022-2023,4,2,0
2189,70,2022-2023,15,0,0
2190,70,2022-2023,14,1,0
2191,70,2022-2023,3,0,0
2192,70,2022-2023,6,0,1
2193,70,2022-2023,2,0,0
2194,70,2022-2023,2,0,0
2195,70,2022-2023,1,0,1
2196,70,2022-2023,1,0,0
2197,70,2022-2023,11,1,0
2198,70,2022-2023,1,0,0
2199,70,2022-2023,1,0,0
2200,70,2022-2023,1,0,0
2201,70,2022-2023,1,0,0
2202,70,2022-2023,1,0,0
2203,70,2022-2023,0,0,0
2204,70,2022-2023,0,0,0
2205,70,2022-2023,0,0,0
2206,70,2022-2023,0,0,0
2207,63,2022-2023,21,2,3
2208,63,2022-2023,21,12,4
2209,63,2022-2023,20,1,1
2210,63,2022-2023,21,2,0
2211,63,2022-2023,21,0,0
2212,63,2022-2023,19,1,0
2213,63,2022-2023,18,2,1
2214,63,2022-2023,18,4,3
2215,63,2022-2023,16,0,0
2216,63,2022-2023,16,4,6
2217,63,2022-2023,13,1,1
2218,63,2022-2023,14,1,0
2219,63,2022-2023,13,0,2
2220,63,2022-2023,12,1,2
2221,63,2022-2023,6,0,0
2222,63,2022-2023,15,3,0
2223,63,2022-2023,6,0,0
2224,63,2022-2023,8,1,0
2225,63,2022-2023,8,1,0
2226,63,2022-2023,9,0,0
2227,63,2022-2023,4,1,1
2228,63,2022-2023,10,1,0
2229,63,2022-2023,9,0,0
2230,63,2022-2023,5,0,0
2231,63,2022-2023,0,0,0
2232,63,2022-2023,0,0,0
2233,63,2022-2023,0,0,0
2234,63,2022-2023,0,0,0
2235,63,2022-2023,0,0,0
2236,63,2022-2023,0,0,0
2237,75,2022-2023,22,0,0
2238,75,2022-2023,22,1,1
2239,75,2022-2023,22,4,5
2240,75,2022-2023,19,0,3
2241,75,2022-2023,18,6,5
2242,75,2022-2023,18,0,0
2243,75,2022-2023,18,12,0
2244,75,2022-2023,15,0,1
2245,75,2022-2023,14,0,0
2246,75,2022-2023,19,0,4
2247,75,2022-2023,16,2,1
2248,75,2022-2023,19,1,0
2249,75,2022-2023,19,0,1
2250,75,2022-2023,9,0,0
2251,75,2022-2023,21,3,1
2252,75,2022-2023,10,1,1
2253,75,2022-2023,3,1,0
2254,75,2022-2023,3,0,0
2255,75,2022-2023,6,0,0
2256,75,2022-2023,5,1,0
2257,75,2022-2023,2,0,0
2258,75,2022-2023,2,0,0
2259,75,2022-2023,2,0,0
2260,75,2022-2023,6,0,0
2261,75,2022-2023,4,0,0
2262,75,2022-2023,5,0,1
2263,75,2022-2023,2,0,0
2264,75,2022-2023,1,0,0
2265,75,2022-2023,0,0,0
2266,75,2022-2023,0,0,0
2267,75,2022-2023,0,0,0
2268,75,2022-2023,0,0,0
2269,75,2022-2023,0,0,0
2270,75,2022-2023,0,0,0
2271,75,2022-2023,0,0,0
2272,75,2022-2023,0,0,0
2273,75,2022-2023,0,0,0
2274,67,2022-2023,21,0,1
2275,67,2022-2023,20,0,0
2276,67,2022-2023,20,0,0
2277,67,2022-2023,21,0,1
2278,67,2022-2023,22,1,3
2279,67,2022-2023,20,0,0
2280,67,2022-2023,17,6,1
2281,67,2022-2023,15,6,0
2282,67,2022-2023,14,0,0
2283,67,2022-2023,17,1,1
2284,67,2022-2023,14,1,3
2285,67,2022-2023,16,0,0
2286,67,2022-2023,14,6,1
2287,67,2022-2023,12,0,1
2288,67,2022-2023,13,1,0
2289,67,2022-2023,8,1,0
2290,67,2022-2023,14,3,0
2291,67,2022-2023,14,1,2
2292,67,2022-2023,8,0,0
2293,67,2022-2023,3,0,0
2294,67,2022-2023,4,0,0
2295,67,2022-2023,2,0,0
2296,67,2022-2023,3,0,0
2297,67,2022-2023,5,0,0
2298,67,2022-2023,4,0,0
2299,67,2022-2023,3,0,2
2300,67,2022-2023,2,0,0
2301,67,2022-2023,5,0,1
2302,67,2022-2023,1,0,0
2303,67,2022-2023,2,0,0
2304,67,2022-2023,0,0,0
2305,67,2022-2023,0,0,0
2306,67,2022-2023,0,0,0
2307,67,2022-2023,0,0,0
2308,62,2022-2023,22,13,4
2309,62,2022-2023,20,1,3
2310,62,2022-2023,19,0,0
2311,62,2022-2023,19,1,0
2312,62,2022-2023,20,0,1
2313,62,2022-2023,20,1,3
2314,62,2022-2023,17,0,1
2315,62,2022-2023,19,4,2
2316,62,2022-2023,17,6,2
2317,62,2022-2023,17,1,1
2318,62,2022-2023,16,0,0
2319,62,2022-2023,11,0,0
2320,62,2022-2023,19,2,3
2321,62,2022-2023,15,2,0
2322,62,2022-2023,9,1,1
2323,62,2022-2023,5,0,0
2324,62,2022-2023,7,0,0
2325,62,2022-2023,6,0,0
2326,62,2022-2023,7,0,0
2327,62,2022-2023,12,1,1
2328,62,2022-2023,4,0,0
2329,62,2022-2023,10,0,1
2330,62,2022-2023,2,0,0
2331,62,2022-2023,14,0,0
2332,62,2022-2023,3,0,0
2333,62,2022-2023,2,0,0
2334,62,2022-2023,0,0,0
2335,62,2022-2023,0,0,0
2336,62,2022-2023,0,0,0
2337,62,2022-2023,0,0,0
2338,62,2022-2023,0,0,0
2339,73,2022-2023,22,0,1
2340,73,2022-2023,19,0,2
2341,73,2022-2023,21,14,1
2342,73,2022-2023,19,4,1
2343,73,2022-2023,19,3,1
2344,73,2022-2023,15,0,0
2345,73,2022-2023,16,0,0
2346,73,2022-2023,17,2,3
2347,73,2022-2023,15,0,0
2348,73,2022-2023,13,0,0
2349,73,2022-2023,18,0,2
2350,73,2022-2023,19,2,2
2351,73,2022-2023,17,0,0
2352,73,2022-2023,16,1,1
2353,73,2022-2023,8,0,1
2354,73,2022-2023,7,0,0
2355,73,2022-2023,8,0,0
2356,73,2022-2023,9,0,1
2357,73,2022-2023,18,0,1
2358,73,2022-2023,3,0,0
2359,73,2022-2023,8,0,0
2360,73,2022-2023,3,0,0
2361,73,2022-2023,2,0,0
2362,73,2022-2023,3,0,0
2363,73,2022-2023,5,0,0
2364,73,2022-2023,6,0,0
2365,73,2022-2023,1,0,0
2366,73,2022-2023,2,0,0
2367,73,2022-2023,1,0,0
2368,73,2022-2023,0,0,0
2369,73,2022-2023,0,0,0
2370,73,2022-2023,0,0,0
2371,73,2022-2023,0,0,0
2372,79,2022-2023,22,0,0
2373,79,2022-2023,22,0,1
2374,79,2022-2023,20,0,0
2375,79,2022-2023,19,2,0
2376,79,2022-2023,18,2,2
2377,79,2022-2023,22,0,0
2378,79,2022-2023,21,2,3
2379,79,2022-2023,15,0,0
2380,79,2022-2023,19,2,1
2381,79,2022-2023,22,4,2
2382,79,2022-2023,22,4,2
2383,79,2022-2023,20,1,0
2384,79,2022-2023,21,3,2
2385,79,2022-2023,13,0,1
2386,79,2022-2023,10,1,0
2387,79,2022-2023,13,1,1
2388,79,2022-2023,9,1,0
2389,79,2022-2023,5,0,0
2390,79,2022-2023,1,0,0
2391,79,2022-2023,6,0,0
2392,79,2022-2023,7,0,0
2393,79,2022-2023,4,0,0
2394,79,2022-2023,2,0,0
2395,79,2022-2023,2,0,0
2396,79,2022-2023,1,0,0
2397,79,2022-2023,1,0,0
2398,79,2022-2023,0,0,0
2399,79,2022-2023,0,0,0
2400,79,2022-2023,0,0,0
2401,79,2022-2023,0,0,0
2402,68,2022-2023,22,0,0
2403,68,2022-2023,22,2,0
2404,68,2022-2023,22,2,1
2405,68,2022-2023,22,5,7
2406,68,2022-2023,21,0,2
2407,68,2022-2023,22,5,4
2408,68,2022-2023,17,0,0
2409,68,2022-2023,18,4,1
2410,68,2022-2023,17,4,2
2411,68,2022-2023,20,4,4
2412,68,2022-2023,21,7,1
2413,68,2022-2023,15,0,1
2414,68,2022-2023,17,0,1
2415,68,2022-2023,19,1,1
2416,68,2022-2023,10,0,0
2417,68,2022-2023,14,0,0
2418,68,2022-2023,5,0,0
2419,68,2022-2023,3,0,0
2420,68,2022-2023,2,0,0
2421,68,2022-2023,3,0,0
2422,68,2022-2023,1,0,0
2423,68,2022-2023,3,0,0
2424,68,2022-2023,8,0,0
2425,68,2022-2023,3,1,0
2426,68,2022-2023,1,0,0
2427,68,2022-2023,3,0,0
2428,68,2022-2023,2,0,0
2429,68,2022-2023,1,0,0
2430,68,2022-2023,0,0,0
2431,68,2022-2023,0,0,0
2432,68,2022-2023,0,0,0
2433,68,2022-2023,0,0,0
2434,68,2022-2023,0,0,0
2435,66,2022-2023,21,0,0
2436,66,2022-2023,21,1,1
2437,66,2022-2023,19,0,1
2438,66,2022-2023,19,5,2
2439,66,2022-2023,22,4,1
2440,66,2022-2023,19,0,0
2441,66,2022-2023,16,0,0
2442,66,2022-2023,16,0,1
2443,66,2022-2023,19,0,2
2444,66,2022-2023,15,1,0
2445,66,2022-2023,22,5,2
2446,66,2022-2023,21,2,2
2447,66,2022-2023,15,0,0
2448,66,2022-2023,16,3,3
2449,66,2022-2023,10,0,0
2450,66,2022-2023,18,0,1
2451,66,2022-2023,14,1,0
2452,66,2022-2023,7,0,0
2453,66,2022-2023,6,0,0
2454,66,2022-2023,3,0,0
2455,66,2022-2023,2,0,0
2456,66,2022-2023,3,0,0
2457,66,2022-2023,1,0,0
2458,66,2022-2023,4,0,0
2459,66,2022-2023,1,0,0
2460,66,2022-2023,8,0,0
2461,66,2022-2023,2,0,0
2462,66,2022-2023,2,0,0
2463,66,2022-2023,0,0,0
2464,66,2022-2023,0,0,0
2465,66,2022-2023,0,0,0
2466,66,2022-2023,0,0,0
2467,66,2022-2023,0,0,0
2468,78,2022-2023,21,0,0
2469,78,2022-2023,22,3,3
2470,78,2022-2023,20,0,0
2471,78,2022-2023,18,0,0
2472,78,2022-2023,17,3,1
2473,78,2022-2023,22,1,0
2474,78,2022-2023,19,0,0
2475,78,2022-2023,17,0,0
2476,78,2022-2023,18,1,1
2477,78,2022-2023,13,1,0
2478,78,2022-2023,16,1,1
2479,78,2022-2023,18,0,1
2480,78,2022-2023,17,5,1
2481,78,2022-2023,12,1,0
2482,78,2022-2023,12,0,0
2483,78,2022-2023,12,4,3
2484,78,2022-2023,9,4,0
2485,78,2022-2023,5,0,0
2486,78,2022-2023,6,0,2
2487,78,2022-2023,6,0,1
2488,78,2022-2023,10,0,0
2489,78,2022-2023,1,0,0
2490,78,2022-2023,11,0,0
2491,78,2022-2023,2,0,0
2492,78,2022-2023,7,0,0
2493,78,2022-2023,2,0,0
2494,78,2022-2023,2,0,0
2495,78,2022-2023,1,0,0
2496,78,2022-2023,0,0,0
2497,78,2022-2023,0,0,0
2498,69,2022-2023,18,7,1
2499,69,2022-2023,19,7,1
2500,69,2022-2023,19,0,2
2501,69,2022-2023,16,0,1
2502,69,2022-2023,18,0,0
2503,69,2022-2023,19,0,1
2504,69,2022-2023,17,2,1
2505,69,2022-2023,19,0,2
2506,69,2022-2023,20,1,4
2507,69,2022-2023,14,0,0
2508,69,2022-2023,20,4,1
2509,69,2022-2023,12,2,1
2510,69,2022-2023,16,1,1
2511,69,2022-2023,14,2,1
2512,69,2022-2023,16,0,0
2513,69,2022-2023,20,2,0
2514,69,2022-2023,10,1,0
2515,69,2022-2023,13,0,2
2516,69,2022-2023,5,1,1
2517,69,2022-2023,5,0,0
2518,69,2022-2023,12,0,0
2519,69,2022-2023,3,0,0
2520,69,2022-2023,2,0,0
2521,69,2022-2023,8,0,0
2522,69,2022-2023,2,0,0
2523,69,2022-2023,1,0,0
2524,69,2022-2023,2,0,0
2525,69,2022-2023,3,1,0
2526,69,2022-2023,2,0,0
2527,69,2022-2023,0,0,0
2528,69,2022-2023,0,0,0
2529,69,2022-2023,0,0,0
2530,69,2022-2023,0,0,0
2531,69,2022-2023,0,0,0
2532,69,2022-2023,0,0,0
2533,69,2022-2023,0,0,0
2534,72,2022-2023,22,0,0
2535,72,2022-2023,20,0,1
2536,72,2022-2023,20,1,0
2537,72,2022-2023,20,9,3
2538,72,2022-2023,18,0,0
2539,72,2022-2023,18,4,5
2540,72,2022-2023,15,0,0
2541,72,2022-2023,20,2,2
2542,72,2022-2023,15,2,0
2543,72,2022-2023,19,1,0
2544,72,2022-2023,16,0,2
2545,72,2022-2023,19,3,1
2546,72,2022-2023,14,3,0
2547,72,2022-2023,12,1,1
2548,72,2022-2023,20,3,2
2549,72,2022-2023,7,0,0
2550,72,2022-2023,7,0,0
2551,72,2022-2023,14,1,1
2552,72,2022-2023,5,0,0
2553,72,2022-2023,8,0,1
2554,72,2022-2023,8,0,0
2555,72,2022-2023,1,0,0
2556,72,2022-2023,3,0,0
2557,72,2022-2023,1,0,0
2558,72,2022-2023,1,0,0
2559,72,2022-2023,2,0,0
2560,72,2022-2023,1,1,0
2561,72,2022-2023,1,0,0
2562,72,2022-2023,0,0,0
2563,72,2022-2023,0,0,0
2564,72,2022-2023,0,0,0
2565,72,2022-2023,0,0,0
2566,72,2022-2023,0,0,0
2567,72,2022-2023,0,0,0
2568,72,2022-2023,0,0,0
2569,71,2022-2023,22,0,0
2570,71,2022-2023,21,1,2
2571,71,2022-2023,19,1,5
2572,71,2022-2023,22,10,0
2573,71,2022-2023,20,7,0
2574,71,2022-2023,20,1,1
2575,71,2022-2023,18,0,0
2576,71,2022-2023,12,0,0
2577,71,2022-2023,17,0,0
2578,71,2022-2023,13,1,0
2579,71,2022-2023,15,0,2
2580,71,2022-2023,19,1,0
2581,71,2022-2023,13,0,0
2582,71,2022-2023,16,0,0
2583,71,2022-2023,13,1,0
2584,71,2022-2023,12,0,1
2585,71,2022-2023,14,0,1
2586,71,2022-2023,12,0,0
2587,71,2022-2023,12,0,0
2588,71,2022-2023,3,0,1
2589,71,2022-2023,3,0,0
2590,71,2022-2023,3,0,0
2591,71,2022-2023,12,2,0
2592,71,2022-2023,2,0,0
2593,71,2022-2023,2,0,0
2594,71,2022-2023,4,0,0
2595,71,2022-2023,1,0,0
2596,71,2022-2023,1,0,0
2597,71,2022-2023,0,0,0
2598,71,2022-2023,0,0,0
2599,71,2022-2023,0,0,0
2600,71,2022-2023,0,0,0
2601,71,2022-2023,0,0,0
2602,71,2022-2023,0,0,0
2603,71,2022-2023,0,0,0
2604,80,2022-2023,21,0,1
2605,80,2022-2023,19,0,0
2606,80,2022-2023,20,4,0
2607,80,2022-2023,19,0,0
2608,80,2022-2023,17,0,0
2609,80,2022-2023,18,0,0
2610,80,2022-2023,21,1,1
2611,80,2022-2023,20,1,1
2612,80,2022-2023,13,1,0
2613,80,2022-2023,14,0,0
2614,80,2022-2023,12,5,3
2615,80,2022-2023,18,1,1
2616,80,2022-2023,16,0,0
2617,80,2022-2023,11,2,1
2618,80,2022-2023,17,1,0
2619,80,2022-2023,12,0,0
2620,80,2022-2023,7,0,0
2621,80,2022-2023,8,0,0
2622,80,2022-2023,12,0,0
2623,80,2022-2023,8,0,0
2624,80,2022-2023,8,0,0
2625,80,2022-2023,3,0,0
2626,80,2022-2023,6,0,1
2627,80,2022-2023,5,0,0
2628,80,2022-2023,7,0,0
2629,80,2022-2023,9,0,0
2630,80,2022-2023,1,0,0
2631,80,2022-2023,1,0,0
2632,80,2022-2023,2,1,0
2633,80,2022-2023,1,0,0
2634,80,2022-2023,0,0,0
2635,80,2022-2023,0,0,0
2636,80,2022-2023,0,0,0
2637,76,2022-2023,22,0,0
2638,76,2022-2023,21,1,1
2639,76,2022-2023,19,0,0
2640,76,2022-2023,22,1,2
2641,76,2022-2023,15,1,0
2642,76,2022-2023,19,2,2
2643,76,2022-2023,21,0,2
2644,76,2022-2023,13,0,0
2645,76,2022-2023,17,3,0
2646,76,2022-2023,19,3,1
2647,76,2022-2023,18,0,0
2648,76,2022-2023,19,1,0
2649,76,2022-2023,10,0,0
2650,76,2022-2023,21,2,1
2651,76,2022-2023,7,0,1
2652,76,2022-2023,18,0,0
2653,76,2022-2023,7,0,1
2654,76,2022-2023,6,0,0
2655,76,2022-2023,5,0,0
2656,76,2022-2023,3,0,0
2657,76,2022-2023,6,1,0
2658,76,2022-2023,5,1,0
2659,76,2022-2023,2,0,0
2660,76,2022-2023,2,0,0
2661,76,2022-2023,2,0,0
2662,76,2022-2023,1,0,0
2663,76,2022-2023,1,0,0
2664,76,2022-2023,10,0,1
2665,76,2022-2023,3,0,0
2666,76,2022-2023,1,0,0
2667,76,2022-2023,0,0,0
2668,76,2022-2023,0,0,0
2669,76,2022-2023,0,0,0
2670,76,2022-2023,0,0,0
2671,74,2022-2023,22,0,0
2672,74,2022-2023,21,3,1
2673,74,2022-2023,20,0,0
2674,74,2022-2023,18,0,0
2675,74,2022-2023,18,2,3
2676,74,2022-2023,17,2,0
2677,74,2022-2023,14,0,0
2678,74,2022-2023,14,0,0
2679,74,2022-2023,15,0,0
2680,74,2022-2023,20,3,1
2681,74,2022-2023,18,2,0
2682,74,2022-2023,13,4,3
2683,74,2022-2023,16,0,2
2684,74,2022-2023,14,0,0
2685,74,2022-2023,8,0,0
2686,74,2022-2023,18,0,1
2687,74,2022-2023,8,1,0
2688,74,2022-2023,9,0,0
2689,74,2022-2023,9,0,0
2690,74,2022-2023,6,0,0
2691,74,2022-2023,5,0,0
2692,74,2022-2023,3,0,0
2693,74,2022-2023,9,0,1
2694,74,2022-2023,4,0,0
2695,74,2022-2023,1,0,0
2696,74,2022-2023,2,0,0
2697,74,2022-2023,2,0,0
2698,74,2022-2023,1,0,0
2699,74,2022-2023,1,0,0
2700,74,2022-2023,2,0,0
2701,74,2022-2023,3,0,0
2702,74,2022-2023,0,0,0
2703,74,2022-2023,0,0,0
2704,74,2022-2023,0,0,0
2705,74,2022-2023,0,0,0
2706,82,2022-2023,18,0,1
2707,82,2022-2023,19,3,4
2708,82,2022-2023,16,0,2
2709,82,2022-2023,18,10,6
2710,82,2022-2023,16,1,1
2711,82,2022-2023,16,1,0
2712,82,2022-2023,17,6,3
2713,82,2022-2023,12,0,0
2714,82,2022-2023,19,8,4
2715,82,2022-2023,14,3,1
2716,82,2022-2023,14,6,3
2717,82,2022-2023,13,7,2
2718,82,2022-2023,12,3,4
2719,82,2022-2023,13,3,3
2720,82,2022-2023,15,1,1
2721,82,2022-2023,11,0,3
2722,82,2022-2023,7,0,0
2723,82,2022-2023,4,0,0
2724,82,2022-2023,3,0,0
2725,82,2022-2023,8,0,0
2726,82,2022-2023,11,3,0
2727,82,2022-2023,1,0,1
2728,82,2022-2023,12,0,0
2729,82,2022-2023,2,0,0
2730,82,2022-2023,1,0,1
2731,82,2022-2023,1,0,0
2732,82,2022-2023,0,0,0
2733,82,2022-2023,0,0,0
2734,82,2022-2023,0,0,0
2735,82,2022-2023,0,0,0
2736,82,2022-2023,0,0,0
2737,82,2022-2023,0,0,0
2738,98,2022-2023,19,7,4
2739,98,2022-2023,18,1,0
2740,98,2022-2023,18,0,0
2741,98,2022-2023,17,4,1
2742,98,2022-2023,16,0,1
2743,98,2022-2023,15,0,0
2744,98,2022-2023,16,0,5
2745,98,2022-2023,17,4,4
2746,98,2022-2023,13,0,0
2747,98,2022-2023,10,4,1
2748,98,2022-2023,12,1,0
2749,98,2022-2023,15,0,2
2750,98,2022-2023,13,0,0
2751,98,2022-2023,19,4,1
2752,98,2022-2023,11,0,0
2753,98,2022-2023,12,1,1
2754,98,2022-2023,4,0,0
2755,98,2022-2023,4,0,0
2756,98,2022-2023,12,1,3
2757,98,2022-2023,3,0,0
2758,98,2022-2023,1,0,1
2759,98,2022-2023,1,0,0
2760,98,2022-2023,12,3,0
2761,98,2022-2023,8,1,0
2762,98,2022-2023,9,1,1
2763,98,2022-2023,3,0,0
2764,98,2022-2023,1,0,0
2765,98,2022-2023,2,0,1
2766,98,2022-2023,0,0,0
2767,98,2022-2023,0,0,0
2768,98,2022-2023,0,0,0
2769,81,2022-2023,19,3,3
2770,81,2022-2023,18,4,4
2771,81,2022-2023,19,5,4
2772,81,2022-2023,15,0,0
2773,81,2022-2023,15,1,5
2774,81,2022-2023,16,0,0
2775,81,2022-2023,15,0,1
2776,81,2022-2023,16,1,2
2777,81,2022-2023,13,0,1
2778,81,2022-2023,15,2,1
2779,81,2022-2023,17,6,3
2780,81,2022-2023,11,2,2
2781,81,2022-2023,14,2,1
2782,81,2022-2023,13,1,1
2783,81,2022-2023,8,0,0
2784,81,2022-2023,13,0,0
2785,81,2022-2023,4,0,0
2786,81,2022-2023,13,5,0
2787,81,2022-2023,3,1,0
2788,81,2022-2023,4,0,0
2789,81,2022-2023,14,0,0
2790,81,2022-2023,8,2,0
2791,81,2022-2023,4,1,1
2792,81,2022-2023,2,0,0
2793,81,2022-2023,1,0,0
2794,81,2022-2023,1,0,0
2795,81,2022-2023,1,0,0
2796,81,2022-2023,1,0,0
2797,81,2022-2023,0,0,0
2798,81,2022-2023,0,0,0
2799,81,2022-2023,0,0,0
2800,89,2022-2023,19,3,0
2801,89,2022-2023,17,3,8
2802,89,2022-2023,15,12,0
2803,89,2022-2023,18,0,1
2804,89,2022-2023,17,1,1
2805,89,2022-2023,15,1,0
2806,89,2022-2023,19,4,2
2807,89,2022-2023,17,0,0
2808,89,2022-2023,12,0,0
2809,89,2022-2023,13,5,1
2810,89,2022-2023,11,1,1
2811,89,2022-2023,13,2,4
2812,89,2022-2023,16,1,1
2813,89,2022-2023,16,0,1
2814,89,2022-2023,16,2,2
2815,89,2022-2023,8,0,0
2816,89,2022-2023,6,0,0
2817,89,2022-2023,17,1,1
2818,89,2022-2023,5,1,0
2819,89,2022-2023,4,0,0
2820,89,2022-2023,7,1,0
2821,89,2022-2023,10,1,0
2822,89,2022-2023,1,0,0
2823,89,2022-2023,1,0,0
2824,89,2022-2023,1,0,0
2825,89,2022-2023,0,0,0
2826,87,2022-2023,19,0,0
2827,87,2022-2023,19,2,1
2828,87,2022-2023,18,0,0
2829,87,2022-2023,18,1,0
2830,87,2022-2023,19,2,0
2831,87,2022-2023,18,9,10
2832,87,2022-2023,18,7,2
2833,87,2022-2023,17,7,4
2834,87,2022-2023,17,1,0
2835,87,2022-2023,14,1,0
2836,87,2022-2023,16,3,1
2837,87,2022-2023,11,2,1
2838,87,2022-2023,9,0,0
2839,87,2022-2023,12,0,2
2840,87,2022-2023,18,2,2
2841,87,2022-2023,6,0,0
2842,87,2022-2023,7,0,0
2843,87,2022-2023,12,1,0
2844,87,2022-2023,4,2,0
2845,87,2022-2023,3,0,0
2846,87,2022-2023,1,0,0
2847,87,2022-2023,1,0,0
2848,87,2022-2023,1,0,0
2849,87,2022-2023,9,0,0
2850,87,2022-2023,4,0,0
2851,87,2022-2023,1,0,0
2852,87,2022-2023,0,0,0
2853,87,2022-2023,0,0,0
2854,91,2022-2023,19,0,0
2855,91,2022-2023,19,3,1
2856,91,2022-2023,19,0,2
2857,91,2022-2023,19,1,0
2858,91,2022-2023,18,0,1
2859,91,2022-2023,19,7,3
2860,91,2022-2023,18,0,2
2861,91,2022-2023,19,2,3
2862,91,2022-2023,18,9,3
2863,91,2022-2023,18,0,2
2864,91,2022-2023,8,2,0
2865,91,2022-2023,12,2,0
2866,91,2022-2023,14,0,2
2867,91,2022-2023,9,0,0
2868,91,2022-2023,16,1,1
2869,91,2022-2023,11,2,0
2870,91,2022-2023,6,0,0
2871,91,2022-2023,8,1,0
2872,91,2022-2023,15,0,0
2873,91,2022-2023,9,0,0
2874,91,2022-2023,2,0,0
2875,91,2022-2023,2,0,0
2876,91,2022-2023,2,0,0
2877,91,2022-2023,0,0,0
2878,91,2022-2023,0,0,0
2879,91,2022-2023,0,0,0
2880,91,2022-2023,0,0,0
2881,96,2022-2023,19,0,1
2882,96,2022-2023,19,1,1
2883,96,2022-2023,19,4,2
2884,96,2022-2023,19,5,1
2885,96,2022-2023,16,0,5
2886,96,2022-2023,14,0,0
2887,96,2022-2023,17,1,2
2888,96,2022-2023,14,1,0
2889,96,2022-2023,14,4,1
2890,96,2022-2023,12,2,5
2891,96,2022-2023,18,2,4
2892,96,2022-2023,13,4,0
2893,96,2022-2023,15,2,3
2894,96,2022-2023,19,3,0
2895,96,2022-2023,10,4,0
2896,96,2022-2023,12,1,0
2897,96,2022-2023,10,1,0
2898,96,2022-2023,6,0,1
2899,96,2022-2023,5,0,1
2900,96,2022-2023,5,0,0
2901,96,2022-2023,11,1,1
2902,96,2022-2023,3,0,0
2903,96,2022-2023,3,0,0
2904,96,2022-2023,4,0,0
2905,96,2022-2023,1,0,0
2906,96,2022-2023,0,0,0
2907,96,2022-2023,0,0,0
2908,96,2022-2023,0,0,0
2909,96,2022-2023,0,0,0
2910,96,2022-2023,0,0,0
2911,96,2022-2023,0,0,0
2912,90,2022-2023,19,0,0
2913,90,2022-2023,19,4,5
2914,90,2022-2023,18,13,3
2915,90,2022-2023,18,1,7
2916,90,2022-2023,18,0,0
2917,90,2022-2023,19,2,2
2918,90,2022-2023,18,1,1
2919,90,2022-2023,16,1,0
2920,90,2022-2023,16,1,0
2921,90,2022-2023,17,0,0
2922,90,2022-2023,13,2,0
2923,90,2022-2023,14,0,0
2924,90,2022-2023,14,0,2
2925,90,2022-2023,18,1,1
2926,90,2022-2023,11,1,0
2927,90,2022-2023,13,1,0
2928,90,2022-2023,15,2,0
2929,90,2022-2023,7,0,0
2930,90,2022-2023,7,0,0
2931,90,2022-2023,1,0,0
2932,90,2022-2023,3,0,0
2933,90,2022-2023,1,0,0
2934,90,2022-2023,1,0,0
2935,90,2022-2023,0,0,0
2936,90,2022-2023,0,0,0
2937,90,2022-2023,0,0,0
2938,90,2022-2023,0,0,0
2939,86,2022-2023,18,10,3
2940,86,2022-2023,18,5,0
2941,86,2022-2023,18,1,1
2942,86,2022-2023,18,0,0
2943,86,2022-2023,18,0,0
2944,86,2022-2023,17,2,0
2945,86,2022-2023,16,7,5
2946,86,2022-2023,15,0,0
2947,86,2022-2023,15,2,7
2948,86,2022-2023,15,1,0
2949,86,2022-2023,10,0,0
2950,86,2022-2023,14,4,6
2951,86,2022-2023,10,0,2
2952,86,2022-2023,9,0,0
2953,86,2022-2023,4,0,0
2954,86,2022-2023,10,0,0
2955,86,2022-2023,3,0,0
2956,86,2022-2023,2,0,0
2957,86,2022-2023,7,0,0
2958,86,2022-2023,8,0,1
2959,86,2022-2023,5,0,0
2960,86,2022-2023,15,1,0
2961,86,2022-2023,8,1,1
2962,86,2022-2023,3,0,0
2963,86,2022-2023,1,0,0
2964,86,2022-2023,1,0,0
2965,86,2022-2023,0,0,0
2966,86,2022-2023,0,0,0
2967,86,2022-2023,0,0,0
2968,86,2022-2023,0,0,0
2969,86,2022-2023,0,0,0
2970,86,2022-2023,0,0,0
2971,94,2022-2023,19,1,0
2972,94,2022-2023,19,6,3
2973,94,2022-2023,18,0,0
2974,94,2022-2023,19,5,2
2975,94,2022-2023,19,1,0
2976,94,2022-2023,17,1,2
2977,94,2022-2023,17,1,0
2978,94,2022-2023,16,2,1
2979,94,2022-2023,11,2,0
2980,94,2022-2023,14,1,1
2981,94,2022-2023,17,2,3
2982,94,2022-2023,16,3,3
2983,94,2022-2023,14,0,1
2984,94,2022-2023,12,1,2
2985,94,2022-2023,12,0,1
2986,94,2022-2023,14,2,1
2987,94,2022-2023,10,1,0
2988,94,2022-2023,10,0,0
2989,94,2022-2023,4,0,1
2990,94,2022-2023,6,0,1
2991,94,2022-2023,7,0,0
2992,94,2022-2023,1,0,0
2993,94,2022-2023,4,1,0
2994,94,2022-2023,5,0,0
2995,94,2022-2023,1,0,0
2996,94,2022-2023,1,0,0
2997,94,2022-2023,0,0,0
2998,94,2022-2023,0,0,0
2999,94,2022-2023,0,0,0
3000,94,2022-2023,0,0,0
3001,88,2022-2023,19,0,0
3002,88,2022-2023,18,3,1
3003,88,2022-2023,17,0,1
3004,88,2022-2023,18,1,0
3005,88,2022-2023,18,5,5
3006,88,2022-2023,15,0,0
3007,88,2022-2023,18,2,5
3008,88,2022-2023,13,1,0
3009,88,2022-2023,16,5,1
3010,88,2022-2023,16,0,0
3011,88,2022-2023,13,3,0
3012,88,2022-2023,13,0,0
3013,88,2022-2023,6,0,1
3014,88,2022-2023,12,1,1
3015,88,2022-2023,12,3,1
3016,88,2022-2023,6,0,0
3017,88,2022-2023,11,1,0
3018,88,2022-2023,7,0,0
3019,88,2022-2023,16,0,0
3020,88,2022-2023,16,1,1
3021,88,2022-2023,5,0,0
3022,88,2022-2023,4,0,0
3023,88,2022-2023,1,0,0
3024,88,2022-2023,6,0,0
3025,88,2022-2023,3,0,0
3026,88,2022-2023,1,0,0
3027,88,2022-2023,0,0,0
3028,88,2022-2023,0,0,0
3029,88,2022-2023,0,0,0
3030,88,2022-2023,0,0,0
3031,88,2022-2023,0,0,0
3032,88,2022-2023,0,0,0
3033,88,2022-2023,0,0,0
3034,92,2022-2023,19,7,1
3035,92,2022-2023,17,3,2
3036,92,2022-2023,17,2,0
3037,92,2022-2023,15,0,0
3038,92,2022-2023,16,2,0
3039,92,2022-2023,15,0,0
3040,92,2022-2023,17,0,2
3041,92,2022-2023,19,4,1
3042,92,2022-2023,17,1,3
3043,92,2022-2023,15,0,0
3044,92,2022-2023,17,0,1
3045,92,2022-2023,16,1,1
3046,92,2022-2023,13,6,0
3047,92,2022-2023,9,0,0
3048,92,2022-2023,11,1,2
3049,92,2022-2023,16,0,1
3050,92,2022-2023,10,0,1
3051,92,2022-2023,4,0,0
3052,92,2022-2023,3,0,0
3053,92,2022-2023,10,0,1
3054,92,2022-2023,3,0,0
3055,92,2022-2023,10,0,1
3056,92,2022-2023,3,0,0
3057,92,2022-2023,5,0,0
3058,92,2022-2023,2,0,0
3059,92,2022-2023,1,0,0
3060,92,2022-2023,0,0,0
3061,92,2022-2023,0,0,0
3062,92,2022-2023,0,0,0
3063,92,2022-2023,0,0,0
3064,92,2022-2023,0,0,0
3065,93,2022-2023,18,0,0
3066,93,2022-2023,18,0,0
3067,93,2022-2023,18,6,2
3068,93,2022-2023,15,0,0
3069,93,2022-2023,15,1,1
3070,93,2022-2023,13,0,1
3071,93,2022-2023,13,6,4
3072,93,2022-2023,15,0,0
3073,93,2022-2023,13,0,0
3074,93,2022-2023,16,0,0
3075,93,2022-2023,14,4,1
3076,93,2022-2023,15,1,0
3077,93,2022-2023,11,0,1
3078,93,2022-2023,14,1,1
3079,93,2022-2023,12,1,1
3080,93,2022-2023,7,2,0
3081,93,2022-2023,4,0,2
3082,93,2022-2023,4,0,0
3083,93,2022-2023,4,0,0
3084,93,2022-2023,7,0,0
3085,93,2022-2023,11,1,0
3086,93,2022-2023,3,0,0
3087,93,2022-2023,4,0,0
3088,93,2022-2023,3,0,0
3089,93,2022-2023,1,0,1
3090,93,2022-2023,7,0,0
3091,93,2022-2023,4,0,1
3092,93,2022-2023,1,0,0
3093,93,2022-2023,3,0,0
3094,93,2022-2023,2,1,0
3095,93,2022-2023,1,0,0
3096,93,2022-2023,1,0,0
3097,93,2022-2023,0,0,0
3098,93,2022-2023,0,0,0
3099,93,2022-2023,0,0,0
3100,93,2022-2023,0,0,0
3101,93,2022-2023,0,0,0
3102,93,2022-2023,0,0,0
3103,95,2022-2023,19,0,0
3104,95,2022-2023,19,5,3
3105,95,2022-2023,18,0,5
3106,95,2022-2023,17,2,2
3107,95,2022-2023,16,1,2
3108,95,2022-2023,15,0,0
3109,95,2022-2023,16,3,2
3110,95,2022-2023,18,5,3
3111,95,2022-2023,13,1,1
3112,95,2022-2023,15,2,2
3113,95,2022-2023,13,0,0
3114,95,2022-2023,15,0,0
3115,95,2022-2023,16,1,0
3116,95,2022-2023,13,5,0
3117,95,2022-2023,13,0,1
3118,95,2022-2023,13,0,1
3119,95,2022-2023,11,1,0
3120,95,2022-2023,4,2,0
3121,95,2022-2023,5,0,0
3122,95,2022-2023,2,0,0
3123,95,2022-2023,4,0,0
3124,95,2022-2023,5,0,0
3125,95,2022-2023,4,0,0
3126,95,2022-2023,1,0,0
3127,95,2022-2023,2,0,0
3128,95,2022-2023,1,0,0
3129,95,2022-2023,2,0,0
3130,95,2022-2023,1,0,0
3131,95,2022-2023,3,0,0
3132,95,2022-2023,2,0,0
3133,95,2022-2023,1,0,0
3134,95,2022-2023,0,0,0
3135,95,2022-2023,0,0,0
3136,95,2022-2023,0,0,0
3137,95,2022-2023,0,0,0
3138,97,2022-2023,19,0,0
3139,97,2022-2023,19,0,2
3140,97,2022-2023,18,1,1
3141,97,2022-2023,19,7,1
3142,97,2022-2023,17,0,0
3143,97,2022-2023,15,0,0
3144,97,2022-2023,17,3,1
3145,97,2022-2023,14,0,0
3146,97,2022-2023,16,2,5
3147,97,2022-2023,15,2,0
3148,97,2022-2023,16,1,1
3149,97,2022-2023,10,1,0
3150,97,2022-2023,14,2,6
3151,97,2022-2023,10,0,0
3152,97,2022-2023,11,0,0
3153,97,2022-2023,15,0,0
3154,97,2022-2023,9,0,2
3155,97,2022-2023,4,0,0
3156,97,2022-2023,12,0,0
3157,97,2022-2023,4,1,0
3158,97,2022-2023,4,0,0
3159,97,2022-2023,3,0,0
3160,97,2022-2023,3,1,0
3161,97,2022-2023,2,0,0
3162,97,2022-2023,11,0,0
3163,97,2022-2023,1,1,0
3164,97,2022-2023,0,0,0
3165,97,2022-2023,0,0,0
3166,97,2022-2023,0,0,0
3167,97,2022-2023,0,0,0
3168,97,2022-2023,0,0,0
3169,85,2022-2023,19,0,0
3170,85,2022-2023,19,1,0
3171,85,2022-2023,18,3,1
3172,85,2022-2023,17,2,2
3173,85,2022-2023,17,0,1
3174,85,2022-2023,16,2,1
3175,85,2022-2023,16,3,2
3176,85,2022-2023,18,3,0
3177,85,2022-2023,13,6,0
3178,85,2022-2023,15,2,2
3179,85,2022-2023,13,0,5
3180,85,2022-2023,16,0,0
3181,85,2022-2023,11,0,0
3182,85,2022-2023,13,0,0
3183,85,2022-2023,6,0,0
3184,85,2022-2023,6,0,0
3185,85,2022-2023,11,0,0
3186,85,2022-2023,10,0,1
3187,85,2022-2023,3,0,3
3188,85,2022-2023,10,0,0
3189,85,2022-2023,11,0,0
3190,85,2022-2023,1,0,0
3191,85,2022-2023,4,0,0
3192,85,2022-2023,1,0,0
3193,85,2022-2023,2,0,0
3194,85,2022-2023,1,0,0
3195,85,2022-2023,1,0,0
3196,85,2022-2023,1,0,0
3197,85,2022-2023,1,0,0
3198,85,2022-2023,0,0,0
3199,85,2022-2023,0,0,0
3200,85,2022-2023,0,0,0
3201,85,2022-2023,0,0,0
3202,85,2022-2023,0,0,0
3203,85,2022-2023,0,0,0
3204,83,2022-2023,19,0,0
3205,83,2022-2023,19,0,0
3206,83,2022-2023,18,2,0
3207,83,2022-2023,18,0,1
3208,83,2022-2023,18,7,1
3209,83,2022-2023,18,4,0
3210,83,2022-2023,16,0,2
3211,83,2022-2023,17,2,0
3212,83,2022-2023,15,0,0
3213,83,2022-2023,16,3,2
3214,83,2022-2023,10,0,0
3215,83,2022-2023,15,0,3
3216,83,2022-2023,10,0,0
3217,83,2022-2023,14,0,0
3218,83,2022-2023,10,0,0
3219,83,2022-2023,8,1,2
3220,83,2022-2023,13,1,1
3221,83,2022-2023,7,0,0
3222,83,2022-2023,5,0,0
3223,83,2022-2023,9,0,0
3224,83,2022-2023,2,0,0
3225,83,2022-2023,3,0,0
3226,83,2022-2023,3,0,0
3227,83,2022-2023,4,0,0
3228,83,2022-2023,1,0,0
3229,83,2022-2023,3,0,0
3230,83,2022-2023,0,0,0
3231,83,2022-2023,0,0,0
3232,83,2022-2023,0,0,0
3233,83,2022-2023,0,0,0
3234,83,2022-2023,0,0,0
3235,83,2022-2023,0,0,0
3236,84,2022-2023,19,0,0
3237,84,2022-2023,19,1,0
3238,84,2022-2023,17,0,0
3239,84,2022-2023,19,3,0
3240,84,2022-2023,16,0,0
3241,84,2022-2023,19,3,0
3242,84,2022-2023,14,0,0
3243,84,2022-2023,10,0,0
3244,84,2022-2023,15,2,3
3245,84,2022-2023,11,0,1
3246,84,2022-2023,12,0,2
3247,84,2022-2023,8,0,0
3248,84,2022-2023,11,0,0
3249,84,2022-2023,14,1,2
3250,84,2022-2023,12,0,0
3251,84,2022-2023,9,1,0
3252,84,2022-2023,9,1,0
3253,84,2022-2023,10,0,0
3254,84,2022-2023,4,0,0
3255,84,2022-2023,4,1,0
3256,84,2022-2023,4,0,0
3257,84,2022-2023,3,0,0
3258,84,2022-2023,4,0,0
3259,84,2022-2023,2,0,0
3260,84,2022-2023,2,0,0
3261,84,2022-2023,2,0,0
3262,84,2022-2023,9,0,0
3263,84,2022-2023,4,0,1
3264,84,2022-2023,1,0,0
3265,84,2022-2023,1,0,0
3266,84,2022-2023,3,0,0
3267,84,2022-2023,1,0,0
3268,84,2022-2023,1,0,0
3269,84,2022-2023,1,0,0
3270,84,2022-2023,0,0,0
3271,84,2022-2023,0,0,0
3272,84,2022-2023,0,0,0
3273,84,2022-2023,0,0,0
